기업코드,EV,EBITDA,EV/EBITDA
095570,11528,615,18.744715447154473
006840,27192,1606,16.931506849315067
027410,6049,185,32.6972972972973
282330,20343,1597,12.738259236067627
138930,,,
001460,3491,84,41.55952380952381
001465,,,
001040,310636,14382,21.59894312334863
079160,23860,723,33.00138312586446
00104K,,,
000120,60195,1094,55.02285191956124
011150,1322,32,41.3125
011155,,,
001045,,,
097950,184377,7557,24.398173878523224
097955,,,
000480,9472,170,55.71764705882353
000590,1395,50,27.9
012030,4911,95,51.694736842105264
016610,,,
005830,,,
000990,19202,781,24.58642765685019
139130,,,
001530,9184,95,96.67368421052632
000210,68138,2833,24.051535474761735
000215,,,
375500,14898,831,17.927797833935017
37550L,,,
37550K,,,
007340,28369,1431,19.82459818308875
004840,3630,149,24.36241610738255
155660,1332,78,17.076923076923077
069730,685,58,11.810344827586206
017860,11900,120,99.16666666666667
017940,28297,1591,17.785669390320553
365550,20510,220,93.22727272727273
383220,27240,1511,18.027796161482463
007700,16524,1543,10.70900842514582
114090,7955,218,36.49082568807339
078930,143912,10163,14.160385712880055
006360,47850,1220,39.221311475409834
001250,4735,229,20.676855895196507
007070,53633,2599,20.63601385148134
078935,,,
012630,54064,1035,52.235748792270535
039570,2196,1,2196.0
089470,1935,142,13.626760563380282
294870,21703,551,39.38838475499092
009540,108509,2811,38.60156527926005
267250,335208,12481,26.85746334428331
267270,14968,698,21.444126074498566
443060,,,
010620,25185,74,340.3378378378378
322000,2755,-115,-23.956521739130434
042670,24304,1317,18.4540622627183
267260,66790,1436,46.51114206128134
329180,120055,930,129.09139784946237
097230,7408,192,38.583333333333336
014790,7038,232,30.336206896551722
003580,3839,30,127.96666666666667
204320,30978,1547,20.024563671622495
060980,11008,760,14.48421052631579
011200,108333,6251,17.330507118860982
035000,1054,-48,-21.958333333333332
002460,2386,168,14.202380952380953
003560,815,13,62.69230769230769
175330,,,
234080,2073,125,16.584
001060,8197,311,26.356913183279744
001067,,,
001065,,,
096760,8252,512,16.1171875
105560,,,
432320,5065,-5,-1013.0
002380,62990,2192,28.736313868613138
344820,7093,432,16.41898148148148
009070,3582,115,31.14782608695652
009440,2047,-21,-97.47619047619048
119650,1904,37,51.45945945945946
092220,2933,19,154.3684210526316
003620,12096,611,19.797054009819966
016380,12527,628,19.947452229299362
001390,40589,1075,37.757209302325585
033180,3183,12,265.25
015590,1061,7,151.57142857142858
001940,8372,25,334.88
025000,2336,219,10.666666666666666
092230,7639,295,25.894915254237286
000040,1203,-41,-29.341463414634145
044450,13743,428,32.10981308411215
030200,183546,14946,12.28061019670815
033780,123050,2974,41.37525218560861
058850,1582,128,12.359375
058860,2429,149,16.302013422818792
093050,9346,480,19.470833333333335
003550,148081,4682,31.62772319521572
034220,206383,8097,25.488823020871926
051900,64079,2150,29.804186046511628
051905,,,
373220,1059143,6273,168.84154312131358
003555,,,
032640,102535,8873,11.555843570382057
011070,67732,4910,13.794704684317718
066570,273211,21812,12.525719787273061
066575,,,
037560,6763,378,17.891534391534393
051910,590529,11527,51.23006853474451
051915,,,
079550,40510,856,47.324766355140184
006260,111482,3586,31.088120468488565
010120,32228,1208,26.678807947019866
000680,12737,248,51.358870967741936
229640,7104,115,61.77391304347826
108320,12914,535,24.138317757009347
001120,35359,1981,17.849066128218073
108670,10449,740,14.12027027027027
108675,,,
383800,5465,494,11.062753036437247
38380K,,,
023150,2625,51,51.470588235294116
035420,315452,4393,71.80787616662873
181710,11790,519,22.716763005780347
400760,4461,72,61.958333333333336
005940,,,
005945,,,
338100,0,9,0.0
034310,11262,714,15.77310924369748
030190,6047,238,25.407563025210084
008260,2126,202,10.524752475247524
004250,2371,157,15.101910828025478
004255,,,
456040,10728,556,19.294964028776977
010060,27418,1330,20.61503759398496
178920,7413,100,74.13
005490,515326,15865,32.4819413803971
010950,132271,6416,20.615804239401495
010955,,,
034120,4850,-27,-179.62962962962962
005090,16540,787,21.01651842439644
001380,904,34,26.58823529411765
004060,1031,0,
001770,238,-13,-18.307692307692307
002360,701,-32,-21.90625
009160,3086,-10,-308.6
123700,650,54,12.037037037037036
025530,1797,60,29.95
034730,1316414,37487,35.116547069650814
011790,78197,-322,-242.84782608695653
018670,35209,1066,33.029080675422136
001740,50469,2492,20.252407704654896
006120,65809,1264,52.06408227848101
006125,,,
210980,11048,60,184.13333333333333
395400,24484,296,82.71621621621621
302440,47095,-190,-247.8684210526316
326030,72171,147,490.9591836734694
402340,115886,3495,33.15765379113019
361610,62424,-283,-220.57950530035336
100090,9196,163,56.41717791411043
03473K,,,
096770,397329,11489,34.58342762642528
096775,,,
475150,4451,26,171.19230769230768
001510,,,
001515,,,
285130,16866,225,74.96
28513K,,,
017670,212062,14300,14.82951048951049
000660,1553441,60802,25.54917601394691
003570,5793,131,44.221374045801525
064960,6639,293,22.658703071672356
100840,2293,45,50.955555555555556
036530,12588,472,26.66949152542373
005610,9312,400,23.28
011810,5814,7,830.5714285714286
465770,796,43,18.511627906976745
077970,4938,97,50.90721649484536
071970,3529,70,50.41428571428571
002820,1859,-1,-1859.0
084870,583,-6,-97.16666666666667
002710,17903,33,542.5151515151515
069260,8139,407,19.997542997542997
007980,4070,162,25.123456790123456
002900,4573,147,31.108843537414966
024070,392,-9,-43.55555555555556
037270,2883,3,961.0
000500,2403,149,16.12751677852349
000860,2685,46,58.369565217391305
035250,34851,954,36.5314465408805
011420,686,11,62.36363636363637
002100,3256,387,8.41343669250646
009450,7991,440,18.161363636363635
267290,1146,233,4.918454935622318
012320,2000,51,39.21568627450981
000050,4130,223,18.52017937219731
214390,2512,61,41.18032786885246
012610,3621,112,32.330357142857146
009140,344,0,
013580,6352,415,15.306024096385542
012200,807,-15,-53.8
012205,,,
002140,1817,37,49.108108108108105
010130,97103,2681,36.218948153674
002240,6732,356,18.910112359550563
009290,4755,209,22.751196172248804
017040,1161,10,116.1
017900,1325,18,73.61111111111111
037710,2459,199,12.35678391959799
030610,,,
339770,2181,146,14.938356164383562
007690,6932,136,50.970588235294116
005320,644,-26,-24.76923076923077
001140,640,-16,-40.0
002720,1419,42,33.785714285714285
083420,2248,47,47.829787234042556
014530,2828,85,33.27058823529412
014280,6416,285,22.512280701754385
014285,,,
008870,2104,119,17.680672268907564
001570,70842,-76,-932.1315789473684
002990,2782,39,71.33333333333333
002995,,,
011780,40840,1447,28.22391154111956
011785,,,
214330,1350,69,19.565217391304348
001210,386,-9,-42.888888888888886
073240,38381,2168,17.703413284132843
092440,879,79,11.126582278481013
000270,443124,40387,10.971946418401961
024110,,,
013700,1299,-6,-216.5
004540,3824,83,46.0722891566265
004545,,,
001260,853,51,16.725490196078432
008350,2526,31,81.48387096774194
008355,,,
004270,1118,8,139.75
003920,5020,9,557.7777777777778
003925,,,
025860,5081,263,19.319391634980988
005720,27546,1124,24.50711743772242
005725,,,
002350,23472,980,23.951020408163266
002355,,,
092790,1956,45,43.46666666666667
251270,67640,427,158.40749414519905
090350,2003,125,16.024
090355,,,
000320,4410,234,18.846153846153847
000325,,,
006280,23961,47,509.8085106382979
005250,29103,-59,-493.271186440678
005257,,,
004370,22521,912,24.69407894736842
072710,3953,394,10.032994923857869
058730,1143,-15,-76.2
030210,,,
023590,41038,3745,10.95807743658211
145210,1073,8,134.125
019680,2899,60,48.31666666666667
019685,,,
006370,3222,-16,-201.375
008060,11033,471,23.42462845010616
00806K,,,
353200,12337,271,45.5239852398524
35320K,,,
000490,14129,232,60.900862068965516
008110,706,75,9.413333333333334
005750,1365,48,28.4375
006570,1105,7,157.85714285714286
001680,13732,820,16.746341463414634
001685,,,
084690,21855,961,22.741935483870968
084695,,,
128820,8288,246,33.6910569105691
117580,2836,302,9.390728476821192
016710,2948,348,8.471264367816092
003540,,,
003547,,,
003545,,,
009190,1098,10,109.8
014160,1768,48,36.833333333333336
047040,28147,1468,19.173705722070846
009320,1024,19,53.89473684210526
003090,19022,626,30.38658146964856
069620,18950,414,45.772946859903385
000430,5522,280,19.72142857142857
006340,1128,38,29.68421052631579
006345,,,
003220,4469,199,22.457286432160803
024890,1329,-21,-63.285714285714285
002880,1518,154,9.857142857142858
000300,788,-9,-87.55555555555556
012800,5630,75,75.06666666666666
015230,1650,111,14.864864864864865
001070,455,4,113.75
006650,8587,282,30.45035460992908
001440,19589,350,55.96857142857143
084010,4026,60,67.1
001790,4890,88,55.56818181818182
001795,,,
001130,2245,299,7.508361204013378
003490,130199,9654,13.486534079138181
003495,,,
005880,30753,1267,24.27229676400947
003830,1546,8,193.25
016090,868,66,13.151515151515152
069460,914,26,35.15384615384615
192080,12401,650,19.07846153846154
012510,15289,276,55.39492753623188
004830,1593,23,69.26086956521739
004835,,,
024900,1467,47,31.21276595744681
145720,16345,254,64.35039370078741
002150,2599,28,92.82142857142857
460850,3404,357,9.53501400560224
460860,12637,865,14.609248554913295
001230,4055,188,21.569148936170212
023450,1387,48,28.895833333333332
004140,3233,180,17.961111111111112
007590,868,212,4.09433962264151
005960,3851,-147,-26.197278911564627
005965,,,
026960,17199,125,137.592
002210,1870,6,311.6666666666667
102260,3924,267,14.696629213483146
000640,13091,155,84.45806451612903
170900,8254,-91,-90.7032967032967
028100,1800,73,24.65753424657534
282690,1656,55,30.10909090909091
001520,3434,64,53.65625
001527,,,
084670,1054,10,105.4
082640,,,
001525,,,
008970,1350,32,42.1875
092780,1617,93,17.387096774193548
049770,9980,720,13.86111111111111
018500,2695,812,3.3189655172413794
006040,39648,1841,21.5361216730038
030720,567,32,17.71875
014820,16421,360,45.61388888888889
014825,,,
111380,1825,67,27.238805970149254
163560,1143,58,19.70689655172414
004890,1066,7,152.28571428571428
002690,385,5,77.0
000020,2980,107,27.850467289719628
000150,166622,5265,31.64710351377018
000157,,,
454910,57171,-57,-1003.0
241560,53433,3910,13.665728900255754
034020,170222,4751,35.82866764891602
000155,,,
336260,18424,63,292.44444444444446
33626K,,,
33626L,,,
016740,1394,162,8.604938271604938
192650,8524,254,33.55905511811024
024090,1357,48,28.270833333333332
003160,4065,-5,-813.0
092200,4951,139,35.618705035971225
377190,7317,151,48.45695364238411
013570,3348,183,18.295081967213115
210540,1513,126,12.007936507936508
115390,2818,38,74.15789473684211
032350,20189,290,69.61724137931034
089860,47520,3242,14.657618753855644
330590,11126,282,39.45390070921986
000400,,,
023530,151154,3980,37.978391959799
020150,27983,251,111.48605577689243
280360,20249,883,22.932049830124576
286940,6782,231,29.35930735930736
004000,12087,481,25.12889812889813
004990,124199,3062,40.56139777922926
00499K,,,
005300,28209,959,29.415015641293014
005305,,,
011170,164217,1715,95.7533527696793
071840,8586,134,64.07462686567165
027740,1242,-4,-310.5
357430,789,-114,-6.921052631578948
001080,1957,-325,-6.021538461538461
088980,,,
094800,,,
138040,,,
090370,781,1,781.0
017180,1643,-9,-182.55555555555554
009900,8313,560,14.844642857142857
012690,1083,25,43.32
005360,1070,29,36.89655172413793
070960,2198,146,15.054794520547945
009680,2660,64,41.5625
009580,8261,206,40.101941747572816
009200,14356,457,31.41356673960613
033920,1445,91,15.87912087912088
008420,727,3,242.33333333333334
025560,812,22,36.90909090909091
007120,465,10,46.5
396690,3020,59,51.186440677966104
357250,2188,29,75.44827586206897
085620,,,
006800,,,
00680K,,,
006805,,,
002840,8522,237,35.957805907173
268280,6960,190,36.63157894736842
107590,3175,104,30.528846153846153
134380,1557,116,13.422413793103448
003650,1359,137,9.91970802919708
377740,4388,55,79.78181818181818
003610,915,-1,-915.0
001340,4861,80,60.7625
035150,2854,216,13.212962962962964
002410,1128,9,125.33333333333333
007210,2931,116,25.267241379310345
002760,722,8,90.25
003850,10458,271,38.59040590405904
000890,926,29,31.93103448275862
003000,4807,-7,-686.7142857142857
001270,,,
001275,,,
026940,631,6,105.16666666666667
011390,1991,19,104.78947368421052
005030,1613,34,47.44117647058823
002070,967,5,193.4
100220,1841,70,26.3
090460,6531,220,29.686363636363637
005180,5379,369,14.577235772357724
003960,7816,547,14.288848263254113
008040,2715,147,18.46938775510204
007160,6041,58,104.15517241379311
014710,1258,40,31.45
006090,1290,98,13.16326530612245
001470,4867,-129,-37.72868217054263
028050,47290,2261,20.915524104378594
448730,3248,74,43.891891891891895
006400,381814,6804,56.116108171663726
006405,,,
006660,734,25,29.36
028260,354917,9345,37.979347244515786
02826K,,,
207940,591456,3647,162.17603509734028
032830,,,
018260,129711,3687,35.180634662327094
009150,115086,3766,30.559214020180562
009155,,,
005930,5574674,165568,33.6699966177039
005935,,,
001360,1702,-17,-100.11764705882354
010140,83254,1502,55.42876165113182
016360,,,
068290,2055,1,2055.0
029780,,,
000810,,,
000815,,,
006110,12685,16,792.8125
145990,12738,287,44.383275261324044
145995,,,
003230,16961,904,18.76216814159292
002170,1524,64,23.8125
272550,4386,32,137.0625
000070,21535,347,62.06051873198847
000075,,,
003720,1703,32,53.21875
002810,2934,73,40.19178082191781
005680,1909,27,70.70370370370371
023000,1144,46,24.869565217391305
004380,5082,58,87.62068965517241
002450,1933,141,13.709219858156029
004440,655,34,19.264705882352942
000520,3728,35,106.51428571428572
009770,630,22,28.636363636363637
005500,3862,98,39.40816326530612
004690,5532,1246,4.439807383627608
010960,823,60,13.716666666666667
004450,1251,48,26.0625
009470,2219,87,25.50574712643678
011230,946,-14,-67.57142857142857
001820,3480,119,29.243697478991596
000390,3282,72,45.583333333333336
001290,,,
041650,3054,110,27.763636363636362
075180,760,12,63.333333333333336
007540,2762,96,28.770833333333332
248170,1542,91,16.945054945054945
007860,11215,954,11.755765199161425
200880,9304,767,12.130378096479792
017390,2951,309,9.550161812297734
004410,925,6,154.16666666666666
004415,,,
021050,7264,8,908.0
008490,7281,217,33.55299539170507
007610,862,-28,-30.785714285714285
014910,504,21,24.0
014915,,,
003080,581,87,6.67816091954023
004980,6429,274,23.463503649635037
004985,,,
011300,1388,-5,-277.6
000180,2212,-5,-442.4
002420,457,-4,-114.25
004360,2572,205,12.546341463414635
004365,,,
004490,11386,591,19.26565143824027
001430,16929,486,34.833333333333336
306200,3964,393,10.086513994910941
003030,21601,844,25.593601895734597
019440,3330,120,27.75
058650,27684,701,39.49215406562054
013000,442,6,73.66666666666667
091090,833,-52,-16.01923076923077
021820,1629,219,7.438356164383562
067830,1067,40,26.675
075580,5849,63,92.84126984126983
068270,430805,1470,293.0646258503401
336370,18805,24,783.5416666666666
33637K,,,
33637L,,,
248070,13634,299,45.59866220735786
004430,4012,217,18.48847926267281
126720,3294,121,27.223140495867767
017550,1422,35,40.628571428571426
053210,2999,484,6.196280991735537
204210,845,-3,-281.6666666666667
026890,,,
134790,570,29,19.655172413793103
462870,0,268,0.0
016590,3566,182,19.593406593406595
029530,4047,118,34.29661016949152
004970,1421,181,7.850828729281768
011930,6715,81,82.90123456790124
005390,5278,1315,4.0136882129277565
004170,76230,2762,27.59956553222303
035510,2047,139,14.726618705035971
034300,5325,-256,-20.80078125
031430,8091,255,31.729411764705883
031440,4330,167,25.92814371257485
006880,1911,19,100.57894736842105
005800,852,25,34.08
001720,,,
009270,3343,125,26.744
002700,1322,-3,-440.6666666666667
002870,280,-5,-56.0
019170,8873,-4,-2218.25
019175,,,
481850,,,
404990,2219,98,22.642857142857142
293940,18761,383,48.98433420365535
055550,,,
004080,1370,22,62.27272727272727
102280,706,-5,-141.2
004770,747,6,124.5
403550,9833,141,69.73758865248227
004920,755,-5,-151.0
112610,32340,190,170.21052631578948
308170,2170,37,58.648648648648646
008700,1566,23,68.08695652173913
002790,56009,1436,39.00348189415042
00279K,,,
002795,,,
090430,74574,1304,57.188650306748464
090435,,,
002030,17988,817,22.017135862913097
183190,9633,530,18.175471698113206
002310,4044,268,15.08955223880597
012170,1420,-5,-284.0
267850,1853,33,56.15151515151515
020560,63701,3633,17.533993944398567
122900,3334,186,17.9247311827957
010780,18602,918,20.263616557734206
139990,6621,99,66.87878787878788
001780,7211,274,26.317518248175183
018250,4706,205,22.95609756097561
161000,8873,103,86.14563106796116
011090,527,17,31.0
137310,15466,247,62.61538461538461
118000,788,16,49.25
005850,15359,1794,8.561315496098105
010580,1777,18,98.72222222222223
012750,22838,922,24.77006507592191
033530,2381,295,8.071186440677966
023960,534,-14,-38.142857142857146
298690,8216,1066,7.7073170731707314
140910,413,-2,-206.5
078520,1727,78,22.141025641025642
015260,841,-6,-140.16666666666666
007460,7366,-180,-40.922222222222224
003060,2941,-71,-41.42253521126761
244920,1282,111,11.54954954954955
278470,18961,324,58.52160493827161
450080,91126,-130,-700.9692307692308
036570,43678,535,81.6411214953271
085310,827,0,
900140,6143,69,89.02898550724638
066970,72919,-1897,-38.43911439114391
097520,5106,272,18.772058823529413
014440,732,63,11.619047619047619
111770,21061,967,21.77973112719752
009970,33923,1453,23.34686854783207
003520,4440,68,65.29411764705883
000670,13383,-65,-205.8923076923077
006740,1332,-11,-121.0909090909091
012280,1220,37,32.972972972972975
012160,2943,77,38.22077922077922
015360,3499,349,10.025787965616045
007310,19541,1200,16.284166666666668
002630,709,20,35.45
271560,36994,1649,22.43420254699818
001800,30724,2092,14.68642447418738
011690,1287,17,75.70588235294117
316140,,,
006980,1752,51,34.35294117647059
017370,2081,49,42.46938775510204
105840,2112,62,34.064516129032256
010400,367,-26,-14.115384615384615
049800,1877,3,625.6666666666666
016880,6473,189,34.24867724867725
095720,4225,138,30.615942028985508
005820,748,12,62.333333333333336
010600,470,-18,-26.11111111111111
008600,1738,28,62.07142857142857
033270,3834,194,19.762886597938145
014830,6248,402,15.542288557213931
446070,490,22,22.272727272727273
000910,2598,-10,-259.8
047400,2150,-29,-74.13793103448276
011330,2423,15,161.53333333333333
077500,1931,94,20.54255319148936
002920,1097,64,17.140625
000700,2578,70,36.82857142857143
003470,,,
003475,,,
072130,470,0,
000220,1169,61,19.16393442622951
000225,,,
000227,,,
001200,,,
000100,62906,155,405.8451612903226
000105,,,
003460,,,
003465,,,
008730,10683,14,763.0714285714286
008250,1922,58,33.13793103448276
025820,2949,43,68.5813953488372
214320,8950,442,20.248868778280542
088260,4107,108,38.02777777777778
139480,135520,4504,30.088809946714033
457190,19508,36,541.8888888888889
007660,28704,285,100.71578947368421
005950,6509,24,271.2083333333333
015020,535,-6,-89.16666666666667
093230,4516,12,376.3333333333333
074610,2770,-34,-81.47058823529412
102460,4913,21,233.95238095238096
084680,4276,17,251.52941176470588
350520,1089,26,41.88461538461539
334890,916,-78,-11.743589743589743
000760,1167,12,97.25
014990,966,-4,-241.5
101140,938,-9,-104.22222222222223
006490,1548,-11,-140.72727272727272
023800,3858,167,23.101796407185628
034590,1107,132,8.386363636363637
129260,1018,65,15.661538461538461
023810,3302,142,23.253521126760564
249420,5872,66,88.96969696969697
000230,5070,52,97.5
013360,1415,37,38.24324324324324
003120,2833,-25,-113.32
003200,2301,93,24.741935483870968
007110,855,-5,-171.0
007570,3862,58,66.58620689655173
007575,,,
008500,351,8,43.875
081000,3233,25,129.32
020760,672,10,67.2
103590,10316,212,48.660377358490564
271940,8933,-3,-2977.6666666666665
015860,7800,253,30.8300395256917
226320,3620,78,46.41025641025641
317400,4264,50,85.28
033240,6616,318,20.80503144654088
000950,364,1,364.0
348950,10589,231,45.83982683982684
194370,3032,234,12.957264957264957
025620,302,-11,-27.454545454545453
030000,21723,734,29.595367847411445
271980,2943,5,588.6
001560,861,28,30.75
002620,3681,36,102.25
006220,,,
089590,12923,1139,11.345917471466198
004910,2112,11,192.0
004700,3398,34,99.94117647058823
001550,1168,26,44.92307692307692
462520,3345,106,31.556603773584907
120030,1219,14,87.07142857142857
018470,3786,62,61.064516129032256
002600,2491,82,30.378048780487806
185750,14528,402,36.13930348258707
063160,2709,76,35.64473684210526
001630,9332,240,38.88333333333333
109070,2165,7,309.2857142857143
044380,293,-1,-293.0
013890,3493,-191,-18.287958115183248
013870,2654,123,21.577235772357724
071320,44299,2908,15.233493810178818
088790,260,8,32.5
003780,880,27,32.592592592592595
010640,870,18,48.333333333333336
100250,2490,52,47.88461538461539
051630,597,-3,-199.0
272450,6833,1209,5.651778329197684
011000,2084,-66,-31.575757575757574
002780,1530,103,14.854368932038835
002787,,,
002785,,,
009310,497,-2,-248.5
000650,815,-10,-81.5
012600,1179,5,235.8
033250,651,30,21.7
035720,280066,3216,87.08519900497512
323410,,,
377300,52261,26,2010.0384615384614
006380,1930,-64,-30.15625
001620,2380,112,21.25
029460,4257,157,27.11464968152866
281820,9461,141,67.09929078014184
381970,7951,311,25.565916398713828
145270,940,14,67.14285714285714
417310,4850,57,85.08771929824562
357120,6828,136,50.205882352941174
007815,,,
007810,8298,187,44.37433155080214
00781K,,,
003690,,,
192820,17899,621,28.822866344605476
044820,4844,90,53.82222222222222
005070,52532,90,583.6888888888889
005420,21027,74,284.14864864864865
071950,485,17,28.529411764705884
002020,22382,465,48.13333333333333
138490,2832,139,20.37410071942446
003070,6619,96,68.94791666666667
003075,,,
450140,6708,117,57.333333333333336
45014K,,,
002025,,,
120110,33280,954,34.884696016771485
120115,,,
021240,43186,2997,14.409743076409743
036420,18274,338,54.06508875739645
024720,7440,136,54.705882352941174
031820,1332,-13,-102.46153846153847
192400,6413,279,22.985663082437277
284740,6084,471,12.9171974522293
264900,1150,109,10.55045871559633
26490K,,,
005740,5890,330,17.848484848484848
005745,,,
259960,119490,3364,35.520214030915575
020120,1839,25,73.56
039490,,,
014580,2539,121,20.983471074380166
015890,3244,148,21.91891891891892
006890,1565,40,39.125
003240,8907,46,193.6304347826087
011280,4823,76,63.46052631578947
004100,2830,90,31.444444444444443
004105,,,
009410,23818,413,57.67070217917676
009415,,,
001420,324,0,
055490,1173,17,69.0
078000,1041,-18,-57.833333333333336
214420,2014,39,51.64102564102564
019180,1423,113,12.5929203539823
363280,5211,-40,-130.275
36328K,,,
091810,5891,1007,5.850049652432969
004870,564,-12,-47.0
034230,21750,681,31.938325991189426
005690,3751,-13,-288.53846153846155
036580,7139,233,30.63948497854077
004720,1036,42,24.666666666666668
028670,38169,982,38.86863543788187
010820,1612,0,
016800,4140,165,25.09090909090909
001020,2244,52,43.15384615384615
090080,1007,58,17.362068965517242
010770,1947,114,17.07894736842105
022100,74366,382,194.67539267015707
058430,2883,156,18.48076923076923
047050,148234,4016,36.91085657370518
003670,261199,772,338.34067357512953
017810,16668,551,30.250453720508165
103140,18788,765,24.559477124183008
005810,4614,188,24.54255319148936
950210,6136,-530,-11.577358490566038
009810,1933,24,80.54166666666667
086790,,,
293480,2535,97,26.1340206185567
039130,10254,285,35.97894736842105
352820,97676,492,198.52845528455285
071090,1199,16,74.9375
019490,388,-22,-17.636363636363637
000080,22173,857,25.872812135355893
000087,,,
000140,21411,871,24.582089552238806
000145,,,
152550,,,
036460,430659,14005,30.750374866119245
005430,1798,211,8.52132701421801
071050,,,
071055,,,
010040,1490,30,49.666666666666664
025540,6518,520,12.534615384615385
010100,2853,206,13.849514563106796
004090,2561,35,73.17142857142858
002200,1162,49,23.714285714285715
002960,3302,132,25.015151515151516
000240,15704,1255,12.513147410358565
123890,,,
015760,1435028,48521,29.575400342119906
006200,2937,47,62.48936170212766
027970,3481,143,24.342657342657343
023350,626,14,44.714285714285715
025890,336,3,112.0
000970,1594,51,31.254901960784313
104700,4012,11,364.72727272727275
017960,6195,85,72.88235294117646
161890,27032,546,49.50915750915751
161390,67959,3987,17.045146726862303
034830,,,
007280,3118,55,56.69090909090909
168490,,,
047810,51380,765,67.16339869281046
123690,971,29,33.48275862068966
003350,1117,50,22.34
011500,3526,46,76.65217391304348
002390,4851,105,46.2
053690,2402,84,28.595238095238095
042700,130143,308,422.5422077922078
008930,28707,135,212.64444444444445
128940,46399,1009,45.98513379583746
009240,11543,315,36.644444444444446
020000,4694,498,9.42570281124498
003680,1337,44,30.386363636363637
105630,9941,462,21.517316017316016
069640,1713,9,190.33333333333334
016450,10845,564,19.22872340425532
010420,275,5,55.0
009180,749,112,6.6875
213500,9755,522,18.68773946360153
014680,25550,466,54.82832618025751
004710,4567,227,20.11894273127753
004150,1535,13,118.07692307692308
025750,1614,43,37.53488372093023
004960,7707,113,68.20353982300885
011700,1580,13,121.53846153846153
001750,,,
001755,,,
018880,70339,2226,31.59883198562444
009420,19538,9,2170.8888888888887
014130,3183,65,48.96923076923077
300720,13859,719,19.27538247566064
002220,1465,14,104.64285714285714
006390,5209,105,49.60952380952381
003300,14100,757,18.626155878467635
051600,16043,680,23.59264705882353
052690,24919,146,170.67808219178082
130660,2388,90,26.533333333333335
002320,22803,646,35.29876160990712
003480,6735,368,18.30163043478261
180640,43938,192,228.84375
18064K,,,
005110,347,22,15.772727272727273
009460,1746,30,58.2
372910,1283,7,183.28571428571428
000880,407343,6479,62.871276431548075
00088K,,,
452260,6733,265,25.40754716981132
45226K,,,
451800,6727,170,39.57058823529412
088350,,,
000370,,,
009830,146890,-422,-348.0805687203791
009835,,,
272210,32711,652,50.170245398773005
012450,144853,1189,121.82758620689656
082740,8195,232,35.32327586206897
042660,99270,946,104.93657505285412
000885,,,
003530,,,
003535,,,
195870,8908,326,27.32515337423313
101530,3779,221,17.099547511312217
143210,5610,27,207.77777777777777
000720,60741,3026,20.073033707865168
000725,,,
453340,4042,425,9.510588235294117
086280,65597,5398,12.152093367914043
064350,39827,554,71.88989169675091
079430,3342,141,23.70212765957447
012330,239042,7776,30.74099794238683
069960,45216,1729,26.15153267784847
004560,3987,-3,-1329.0
004310,1449,43,33.69767441860465
017800,18327,519,35.3121387283237
307950,39629,643,61.631415241057546
011210,20705,1287,16.087801087801086
004020,132096,4775,27.664083769633507
005440,16151,600,26.918333333333333
005380,1717116,47605,36.07007667261842
005387,,,
005389,,,
005385,,,
001500,,,
011760,8598,300,28.66
227840,1041,53,19.641509433962263
126560,5078,54,94.03703703703704
001450,,,
057050,23076,975,23.667692307692306
093240,701,39,17.974358974358974
003010,1007,53,19.0
111110,1674,3,558.0
008770,36217,445,81.38651685393259
008775,,,
378850,2216,128,17.3125
241590,9693,226,42.889380530973455
006060,10814,322,33.58385093167702
013520,6740,371,18.16711590296496
010690,6403,361,17.736842105263158
133820,1297,-44,-29.477272727272727
010660,1346,15,89.73333333333333
000850,721,27,26.703703703703702
016580,2704,102,26.50980392156863
032560,1618,42,38.523809523809526
004800,28668,539,53.1873840445269
094280,1712,113,15.150442477876107
298040,39020,737,52.94436906377205
298050,34316,1109,30.943192064923355
298020,28018,1414,19.814710042432814
298000,26989,217,124.37327188940093
093370,12192,-94,-129.70212765957447
081660,38898,1999,19.45872936468234
005870,957,-5,-191.4
079980,4493,10,449.3
005010,2801,218,12.84862385321101
000540,,,
000545,,,
003280,6930,101,68.61386138613861
060310,1439,35,41.114285714285714
054620,2416,-44,-54.90909090909091
265520,3408,87,39.172413793103445
211270,2727,37,73.70270270270271
109960,730,1,730.0
139050,442,-26,-17.0
126600,3193,86,37.127906976744185
013720,755,7,107.85714285714286
083790,2920,-53,-55.094339622641506
035760,49942,3487,14.322340120447375
311690,1454,-67,-21.70149253731343
051500,7082,289,24.505190311418684
058820,3153,8,394.125
023460,,,
056730,900,-9,-100.0
065770,242,4,60.5
083660,769,-19,-40.473684210526315
456440,,,
477760,,,
060900,396,-11,-36.0
290120,814,59,13.796610169491526
025440,1513,22,68.77272727272727
068790,2110,66,31.96969696969697
241520,,,
180400,2011,-44,-45.70454545454545
245620,1471,-21,-70.04761904761905
037370,1482,-7,-211.71428571428572
050120,368,9,40.888888888888886
214270,1125,0,
130500,1032,14,73.71428571428571
900290,7663,1564,4.899616368286445
083450,4483,95,47.189473684210526
297890,3875,-4,-968.75
440290,,,
078150,2678,-20,-133.9
195940,13835,173,79.97109826589596
028300,138233,-343,-403.0116618075802
278650,3872,-14,-276.57142857142856
067630,21984,-40,-549.6
024850,4421,1,4421.0
047920,11650,25,466.0
115450,10653,-5,-2130.6
046210,2054,4,513.5
403870,44038,210,209.7047619047619
036640,883,45,19.622222222222224
439730,,,
442770,,,
448760,,,
467930,,,
469480,,,
095340,20775,111,187.16216216216216
099520,581,2,290.5
950170,3324,216,15.38888888888889
067290,1124,33,34.06060606060606
035900,25658,368,69.72282608695652
318000,707,15,47.13333333333333
024840,1111,52,21.365384615384617
024120,1277,16,79.8125
455250,,,
458320,,,
464680,,,
476470,,,
478390,,,
021320,3147,188,16.73936170212766
036670,862,33,26.12121212121212
044180,1510,27,55.925925925925924
046440,2074,96,21.604166666666668
151860,26017,1254,20.747208931419458
035600,6903,299,23.08695652173913
226360,580,-18,-32.22222222222222
111870,887,-14,-63.357142857142854
060720,3623,76,47.671052631578945
058400,1206,9,134.0
101000,528,31,17.032258064516128
122450,4605,167,27.5748502994012
052900,965,45,21.444444444444443
376190,1847,35,52.77142857142857
061970,7697,170,45.27647058823529
309960,,,
225190,944,11,85.81818181818181
060370,2438,-9,-270.8888888888889
417200,16192,28,578.2857142857143
078020,,,
086960,1656,30,55.2
038340,479,-12,-39.916666666666664
160550,1590,-17,-93.52941176470588
053290,795,10,79.5
060250,4973,112,44.401785714285715
104200,718,1,718.0
222160,796,-65,-12.246153846153845
024940,489,7,69.85714285714286
218410,4750,24,197.91666666666666
327260,953,5,190.6
091340,847,52,16.28846153846154
419530,1308,-37,-35.351351351351354
019550,,,
950110,909,71,12.80281690140845
036120,1039,4,259.75
246960,649,-3,-216.33333333333334
099220,1366,-4,-341.5
036540,10590,140,75.64285714285714
255220,1808,-42,-43.04761904761905
040610,932,28,33.285714285714285
049470,406,-15,-27.066666666666666
184230,532,-27,-19.703703703703702
016250,588,35,16.8
048550,1733,-1,-1733.0
063440,807,10,80.7
067160,13552,338,40.094674556213015
289080,,,
089230,700,-10,-70.0
032540,900,17,52.94117647058823
022220,578,8,72.25
048770,818,7,116.85714285714286
246690,,,
317240,596,6,99.33333333333333
057030,650,18,36.111111111111114
040300,1875,-104,-18.028846153846153
051390,430,19,22.63157894736842
052220,750,6,125.0
079940,4421,140,31.57857142857143
078890,2772,-46,-60.26086956521739
399720,12982,8,1622.75
036620,3256,59,55.186440677966104
198440,581,-6,-96.83333333333333
217730,1011,-33,-30.636363636363637
114190,5834,29,201.17241379310346
094480,3931,33,119.12121212121212
039240,1067,20,53.35
053950,723,1,723.0
011040,2016,6,336.0
024910,2825,131,21.564885496183205
049720,1603,48,33.395833333333336
014570,744,43,17.302325581395348
348150,1762,-18,-97.88888888888889
950190,1529,62,24.661290322580644
098460,13113,53,247.41509433962264
035290,348,-2,-174.0
900280,,,
215000,5384,435,12.377011494252873
121440,3746,106,35.339622641509436
366030,1285,20,64.25
014200,1046,26,40.23076923076923
029480,1770,-5,-354.0
026910,794,-8,-99.25
421800,,,
440790,,,
456490,,,
465320,,,
053270,1601,121,13.231404958677686
066620,1118,84,13.30952380952381
043650,1034,16,64.625
006050,418,-4,-104.5
060480,272,-3,-90.66666666666667
078130,9019,-22,-409.95454545454544
307750,3195,27,118.33333333333333
035080,5000,123,40.65040650406504
453450,-4,-12,0.3333333333333333
204020,603,31,19.451612903225808
402490,2496,9,277.3333333333333
114450,477,9,53.0
186230,1515,12,126.25
900070,451,33,13.666666666666666
204620,3132,29,108.0
019660,295,-2,-147.5
053260,938,10,93.8
282720,1418,-73,-19.424657534246574
036190,1629,67,24.313432835820894
049080,812,-8,-101.5
420770,8746,-7,-1249.4285714285713
035460,531,-6,-88.5
308100,431,3,143.66666666666666
407400,1117,0,
187790,448,14,32.0
286750,451,6,75.16666666666667
121600,15929,18,884.9444444444445
247660,445,5,89.0
039860,962,5,192.4
091970,322,-7,-46.0
417010,3104,12,258.6666666666667
405920,1001,-6,-166.83333333333334
051490,1217,46,26.456521739130434
137080,1353,-55,-24.6
190510,2505,119,21.050420168067227
242040,905,5,181.0
089600,2695,43,62.674418604651166
293580,,,
138610,1903,12,158.58333333333334
130580,939,22,42.68181818181818
036800,2485,153,16.241830065359476
267320,1786,21,85.04761904761905
111710,1151,7,164.42857142857142
091590,675,-16,-42.1875
168330,756,-6,-126.0
094860,402,-6,-67.0
253590,5985,30,199.5
212560,843,57,14.789473684210526
095660,5167,191,27.05235602094241
042420,5793,170,34.076470588235296
950220,1660,-110,-15.090909090909092
311390,698,6,116.33333333333333
085910,792,19,41.68421052631579
092730,2015,75,26.866666666666667
290660,552,-9,-61.333333333333336
306620,1537,44,34.93181818181818
153460,466,-16,-29.125
007390,6076,5,1215.2
033640,9373,310,30.23548387096774
330860,4917,205,23.985365853658536
089140,848,-5,-169.6
137940,302,-24,-12.583333333333334
396270,2114,-35,-60.4
348210,7349,201,36.56218905472637
225570,9074,54,168.03703703703704
217270,3052,7,436.0
104620,1084,48,22.583333333333332
194700,1851,58,31.913793103448278
285490,2161,49,44.10204081632653
145170,,,
106520,49,-21,-2.3333333333333335
376930,1012,-40,-25.3
142280,1145,10,114.5
234690,2154,41,52.53658536585366
065560,1897,5,379.4
054050,1325,63,21.03174603174603
069140,809,36,22.47222222222222
040160,440,-26,-16.923076923076923
332290,860,10,86.0
348340,4071,-47,-86.61702127659575
060260,427,9,47.44444444444444
123840,1281,-19,-67.42105263157895
012340,693,3,231.0
214870,785,-17,-46.1764705882353
270870,842,72,11.694444444444445
144960,5531,147,37.625850340136054
085670,2445,68,35.955882352941174
064260,4466,27,165.40740740740742
340360,1064,6,177.33333333333334
039560,1509,16,94.3125
154040,1068,36,29.666666666666668
032190,52706,3715,14.187348586810229
323350,,,
068240,6810,67,101.64179104477611
020400,511,-1,-511.0
008830,1875,44,42.61363636363637
048470,376,3,125.33333333333333
004780,651,50,13.02
017650,777,71,10.943661971830986
007720,547,-8,-68.375
389260,3178,60,52.96666666666667
317850,783,5,156.6
290670,2342,9,260.22222222222223
078140,1431,29,49.3448275862069
065150,443,-7,-63.285714285714285
036480,531,8,66.375
027830,,,
104040,419,6,69.83333333333333
129920,1590,-17,-93.52941176470588
438220,,,
442310,,,
457390,,,
457630,,,
471050,,,
020180,426,102,4.176470588235294
045390,2822,16,176.375
108380,1228,36,34.111111111111114
007680,846,6,141.0
048910,1685,69,24.420289855072465
005710,1260,96,13.125
290380,675,27,25.0
120240,1222,30,40.733333333333334
003310,606,22,27.545454545454547
078600,16568,77,215.16883116883116
096350,1293,12,107.75
140520,1090,21,51.904761904761905
131220,547,13,42.07692307692308
010170,1540,-65,-23.692307692307693
054670,1268,55,23.054545454545455
023910,1698,119,14.268907563025211
021040,1525,36,42.361111111111114
021045,,,
067080,2953,14,210.92857142857142
298540,3429,131,26.17557251908397
032860,1470,13,113.07692307692308
393890,16451,154,106.82467532467533
299170,600,12,50.0
224060,476,-10,-47.6
043090,345,-15,-23.0
213420,9288,131,70.90076335877863
317330,9131,5,1826.2
077360,6178,72,85.80555555555556
090410,862,58,14.862068965517242
263600,1684,-55,-30.618181818181817
194480,5771,107,53.93457943925234
263800,952,-3,-317.3333333333333
206560,2032,-13,-156.30769230769232
261200,2120,25,84.8
067990,10259,172,59.645348837209305
006620,2097,61,34.377049180327866
100130,3143,8,392.875
005160,8407,78,107.78205128205128
075970,831,4,207.75
086450,7800,277,28.15884476534296
099410,339,2,169.5
033500,3771,127,29.69291338582677
025950,2264,2,1132.0
088130,1249,1,1249.0
041930,1509,81,18.62962962962963
060380,709,22,32.22727272727273
079960,1776,142,12.507042253521126
228340,440,6,73.33333333333333
088910,718,-29,-24.75862068965517
094170,3800,58,65.51724137931035
013120,2486,253,9.826086956521738
109860,852,12,71.0
032960,454,6,75.66666666666667
023790,552,-1,-552.0
005290,27549,624,44.14903846153846
025900,19777,181,109.26519337016575
131970,10944,565,19.369911504424778
073190,334,0,
030350,351,-9,-39.0
203650,4273,261,16.371647509578544
223250,729,9,81.0
060570,2272,-2,-1136.0
362990,517,10,51.7
217620,556,6,92.66666666666667
016670,231,18,12.833333333333334
187870,1092,8,136.5
110990,3572,37,96.54054054054055
263690,1151,39,29.512820512820515
214680,2941,-22,-133.6818181818182
347850,,,
263720,2914,30,97.13333333333334
376300,7216,78,92.51282051282051
109740,1727,-40,-43.175
196490,861,-1,-861.0
066900,1444,68,21.235294117647058
127120,561,-22,-25.5
092070,2725,29,93.96551724137932
039840,4454,86,51.7906976744186
219550,621,3,207.0
310870,530,34,15.588235294117647
104460,2060,55,37.45454545454545
079810,2875,18,159.72222222222223
113810,406,21,19.333333333333332
043360,227,-3,-75.66666666666667
197140,479,13,36.84615384615385
068930,1812,46,39.391304347826086
033130,744,4,186.0
105740,1044,11,94.9090909090909
263020,457,32,14.28125
290550,1811,103,17.58252427184466
066670,1034,12,86.16666666666667
187220,1023,31,33.0
383930,1185,-34,-34.85294117647059
131180,321,8,40.125
315640,2011,-26,-77.34615384615384
223310,228,-4,-57.0
317120,454,-15,-30.266666666666666
462510,0,-16,-0.0
042510,1419,-20,-70.95
232680,1097,3,365.6666666666667
418420,1903,-5,-380.6
300120,1695,-49,-34.59183673469388
171120,1106,17,65.05882352941177
388790,596,-7,-85.14285714285714
347700,337,-26,-12.961538461538462
214260,1633,-3,-544.3333333333334
200350,981,-4,-245.25
171010,955,2,477.5
084650,2254,-39,-57.794871794871796
217500,963,-1,-963.0
038390,4999,513,9.744639376218323
294140,848,-12,-70.66666666666667
443250,1242,12,103.5
228670,3078,-24,-128.25
228850,1494,54,27.666666666666668
412350,766,-13,-58.92307692307692
199550,1122,6,187.0
281740,17514,77,227.45454545454547
277810,36375,-2,-18187.5
215100,962,-3,-320.6666666666667
090360,3335,-1,-3335.0
108490,3489,-3,-1163.0
900260,289,104,2.7788461538461537
067730,312,9,34.666666666666664
071280,1603,39,41.1025641025641
328130,16968,-118,-143.79661016949152
038060,545,21,25.952380952380953
060240,484,-8,-60.5
141080,21034,41,513.0243902439024
058470,38944,268,145.3134328358209
016100,498,1,498.0
012700,1608,46,34.95652173913044
302550,914,1,914.0
073570,2883,-16,-180.1875
377450,1632,68,24.0
277070,,,
042500,1098,29,37.86206896551724
193250,504,-15,-33.6
219420,972,-4,-243.0
439090,3249,43,75.55813953488372
195500,492,20,24.6
377480,1652,-12,-137.66666666666666
305090,1416,5,283.2
098120,808,25,32.32
424980,714,-24,-29.75
038290,2694,-12,-224.5
267980,3167,306,10.34967320261438
005990,4767,408,11.683823529411764
093520,2277,57,39.94736842105263
377030,1097,-51,-21.50980392156863
100590,837,8,104.625
067280,2201,115,19.139130434782608
072870,1687,78,21.628205128205128
215200,6582,407,16.17199017199017
133750,644,17,37.88235294117647
446540,1176,19,61.89473684210526
235980,4399,-93,-47.30107526881721
041920,1263,16,78.9375
014100,493,-16,-30.8125
054180,446,-28,-15.928571428571429
086900,11101,39,284.64102564102564
078160,2435,-45,-54.111111111111114
408920,1061,35,30.314285714285713
021880,,,
140410,11746,-38,-309.10526315789474
241770,917,10,91.7
059210,1266,60,21.1
058110,505,-13,-38.84615384615385
434480,701,-4,-175.25
080420,5732,191,30.01047120418848
417970,968,12,80.66666666666667
080160,2958,66,44.81818181818182
087260,773,-5,-154.6
101330,3694,305,12.111475409836066
012860,3447,156,22.096153846153847
363260,922,-1,-922.0
348030,769,-15,-51.266666666666666
250060,1436,-19,-75.57894736842105
288980,892,-4,-223.0
142760,857,-13,-65.92307692307692
033200,526,-12,-43.833333333333336
333050,324,4,81.0
118990,4762,155,30.72258064516129
006920,505,11,45.90909090909091
001810,735,2,367.5
279600,717,-14,-51.214285714285715
095500,6596,98,67.3061224489796
254490,3406,33,103.21212121212122
218150,995,2,497.5
442900,,,
100790,,,
412930,,,
446190,,,
448830,,,
477380,,,
477470,,,
478440,,,
049950,2456,-77,-31.896103896103895
207760,2106,-21,-100.28571428571429
059090,8185,350,23.385714285714286
214610,765,-60,-12.75
201490,1799,62,29.016129032258064
452200,,,
418470,1624,32,50.75
206640,3455,79,43.734177215189874
018700,540,-6,-90.0
035620,764,6,127.33333333333333
053030,5406,-77,-70.20779220779221
301300,1096,-22,-49.81818181818182
064550,7494,50,149.88
314930,2729,0,
208710,479,15,31.933333333333334
086820,1403,-21,-66.80952380952381
038460,1458,64,22.78125
251120,1096,13,84.3076923076923
199730,540,-7,-77.14285714285714
086040,1076,-15,-71.73333333333333
099430,4075,32,127.34375
032980,548,-7,-78.28571428571429
308080,981,-34,-28.852941176470587
043150,4683,179,26.162011173184357
323990,4760,-31,-153.5483870967742
267790,519,16,32.4375
046310,815,34,23.970588235294116
331520,450,11,40.90909090909091
438700,824,-35,-23.542857142857144
066410,1631,-8,-203.875
382900,2396,-2,-1198.0
206400,1321,-13,-101.61538461538461
019010,2248,27,83.25925925925925
177350,642,-42,-15.285714285714286
424760,339,-10,-33.9
225530,2028,43,47.16279069767442
250000,746,35,21.314285714285713
310210,6229,-71,-87.73239436619718
006910,1523,11,138.45454545454547
226340,1029,33,31.181818181818183
014470,1762,39,45.17948717948718
008470,369,-18,-20.5
338220,4333,-35,-123.8
100120,2921,89,32.82022471910113
406820,681,18,37.833333333333336
337930,1491,55,27.10909090909091
099390,604,-13,-46.46153846153846
064480,894,7,127.71428571428571
288330,1240,-51,-24.313725490196077
365900,679,-18,-37.72222222222222
089970,3611,-49,-73.6938775510204
251630,1892,1,1892.0
018290,6804,258,26.372093023255815
439580,1590,-14,-113.57142857142857
033560,610,-10,-61.0
369370,1171,-3,-390.3333333333333
126340,3264,4,816.0
121800,2605,-3,-868.3333333333334
082800,1935,16,120.9375
318410,670,12,55.833333333333336
419540,493,4,123.25
146320,3436,20,171.8
200780,1395,14,99.64285714285714
413640,659,-14,-47.07142857142857
141000,981,-21,-46.714285714285715
083650,4161,50,83.22
445360,,,
473370,,,
065170,434,-8,-54.25
086670,2041,42,48.595238095238095
335890,6344,65,97.6
230980,335,-24,-13.958333333333334
138580,2973,69,43.08695652173913
082920,4089,101,40.48514851485149
054220,342,-2,-171.0
042370,3740,136,27.5
050090,203,-12,-16.916666666666668
148780,448,1,448.0
307870,626,-19,-32.94736842105263
357880,624,-14,-44.57142857142857
032850,1045,20,52.25
238200,469,-4,-117.25
093190,1345,24,56.041666666666664
065450,1516,6,252.66666666666666
210120,534,-1,-534.0
044480,1349,-9,-149.88888888888889
069540,799,-16,-49.9375
072950,494,9,54.888888888888886
451250,0,20,0.0
143240,2130,64,33.28125
452430,2496,-30,-83.2
419120,712,3,237.33333333333334
122350,4087,138,29.615942028985508
419050,2928,0,
014970,713,24,29.708333333333332
018310,3609,555,6.5027027027027025
053700,3512,329,10.674772036474165
009620,2547,41,62.1219512195122
023600,2349,193,12.17098445595855
425290,,,
439250,,,
448740,,,
468510,,,
009300,1045,125,8.36
361670,264,-3,-88.0
054540,557,27,20.62962962962963
065570,558,-10,-55.8
032280,587,14,41.92857142857143
002290,453,8,56.625
037460,4904,219,22.39269406392694
032750,459,27,17.0
054090,912,4,228.0
000250,33765,39,865.7692307692307
024950,1386,22,63.0
038500,8364,362,23.104972375690608
437730,4682,27,173.40740740740742
017480,791,11,71.9090909090909
046390,730,18,40.55555555555556
027580,1055,-14,-75.35714285714286
038540,5149,-549,-9.37887067395264
415580,,,
452670,,,
091580,2771,83,33.3855421686747
263810,744,11,67.63636363636364
089980,3723,55,67.69090909090909
042940,541,-51,-10.607843137254902
042600,3876,12,323.0
107600,2786,-15,-185.73333333333332
411080,1706,-16,-106.625
252990,4346,18,241.44444444444446
378800,799,-45,-17.755555555555556
294630,1318,-8,-164.75
038070,890,11,80.9090909090909
006730,14504,149,97.34228187919463
079650,649,-2,-324.5
100660,601,-1,-601.0
019770,482,31,15.548387096774194
043710,321,-10,-32.1
092190,5751,150,38.34
046890,7254,191,37.97905759162304
063170,2394,23,104.08695652173913
027040,569,-6,-94.83333333333333
018680,412,12,34.333333333333336
093920,1069,28,38.17857142857143
189860,518,-36,-14.38888888888889
178320,16029,656,24.434451219512194
122690,6738,390,17.276923076923076
140070,2581,26,99.26923076923077
011370,3984,144,27.666666666666668
065710,1000,13,76.92307692307692
035890,3076,537,5.728119180633147
357550,3453,2,1726.5
003100,2994,178,16.820224719101123
067370,1254,-1,-1254.0
171090,3885,-1,-3885.0
086710,1283,53,24.20754716981132
014620,3186,109,29.229357798165136
037350,606,76,7.973684210526316
081580,355,0,
045300,397,11,36.09090909090909
015750,21939,993,22.093655589123866
365340,12938,-98,-132.0204081632653
080470,693,23,30.130434782608695
043260,1864,103,18.097087378640776
148150,3552,139,25.553956834532375
188260,258,-13,-19.846153846153847
053060,447,43,10.395348837209303
340440,496,14,35.42857142857143
017510,451,7,64.42857142857143
011560,1020,134,7.611940298507463
396300,1111,17,65.3529411764706
100700,1299,45,28.866666666666667
024830,610,39,15.64102564102564
258830,812,-14,-58.0
036630,1455,-9,-161.66666666666666
039310,382,13,29.384615384615383
067770,223,4,55.75
053450,1748,112,15.607142857142858
222810,1119,-22,-50.86363636363637
252500,352,1,352.0
321370,1157,-44,-26.295454545454547
347000,1019,1,1019.0
331920,392,-3,-130.66666666666666
049180,772,-2,-386.0
299660,607,-18,-33.72222222222222
268600,2876,-14,-205.42857142857142
108860,6258,11,568.9090909090909
208370,1443,5,288.6
318160,356,11,32.36363636363637
068760,44801,88,509.10227272727275
068940,298,-5,-59.6
060230,2045,-45,-45.44444444444444
290690,4997,-14,-356.92857142857144
950200,1008,-10,-100.8
032680,912,4,228.0
032685,,,
258790,380,-12,-31.666666666666668
066910,1153,-22,-52.40909090909091
043100,509,-14,-36.357142857142854
035610,2045,13,157.30769230769232
357780,24586,610,40.30491803278689
036830,14285,359,39.79108635097493
304100,3264,-47,-69.44680851063829
328380,509,-5,-101.8
086980,2327,434,5.361751152073733
050960,835,18,46.388888888888886
084180,1144,10,114.4
253840,1066,-39,-27.333333333333332
298830,2889,-10,-288.9
236200,1716,31,55.354838709677416
094840,767,9,85.22222222222223
192440,1915,106,18.066037735849058
424960,1959,-18,-108.83333333333333
136510,6664,-21,-317.3333333333333
099440,2041,60,34.016666666666666
033790,218,3,72.66666666666667
276040,974,-17,-57.294117647058826
159910,294,-17,-17.294117647058822
115570,382,-3,-127.33333333333333
330730,,,
352090,1033,29,35.62068965517241
253450,13887,726,19.128099173553718
408900,1848,-1,-1848.0
204630,570,-14,-40.714285714285715
415380,581,12,48.416666666666664
013810,585,-15,-39.0
203690,1691,-19,-89.0
049830,540,27,20.0
020710,885,-4,-221.25
033170,1560,-31,-50.32258064516129
048870,3022,62,48.74193548387097
025320,7459,142,52.528169014084504
269620,1529,2,764.5
429270,448,-7,-64.0
418250,543,-28,-19.392857142857142
131090,427,0,
232830,367,-13,-28.23076923076923
290520,601,-11,-54.63636363636363
001000,493,3,164.33333333333334
025870,489,1,489.0
215600,5236,-48,-109.08333333333333
065350,32272,126,256.12698412698415
416180,3901,42,92.88095238095238
162300,1986,37,53.67567567567568
290560,410,-2,-205.0
002800,1410,17,82.94117647058823
472220,,,
430220,,,
445970,,,
017000,328,30,10.933333333333334
012790,881,37,23.81081081081081
138070,578,12,48.166666666666664
226330,1707,-27,-63.22222222222222
418210,,,
452980,,,
474660,,,
474930,,,
056700,1162,42,27.666666666666668
187270,467,31,15.064516129032258
243840,8046,224,35.919642857142854
257720,7490,306,24.477124183006534
222800,12305,62,198.46774193548387
036710,7330,-201,-36.46766169154229
160980,2234,47,47.53191489361702
356890,529,3,176.33333333333334
217330,3088,-29,-106.48275862068965
010280,533,-32,-16.65625
208640,521,-22,-23.681818181818183
222420,969,5,193.8
037760,812,17,47.76470588235294
099320,4765,-16,-297.8125
049960,1125,21,53.57142857142857
088280,652,-1,-652.0
050890,3771,98,38.47959183673469
109670,1325,17,77.94117647058823
066790,2594,3,864.6666666666666
222080,9187,194,47.355670103092784
352480,7400,122,60.65573770491803
264660,1212,5,242.4
352700,900,26,34.61538461538461
458870,49,-23,-2.130434782608696
297090,2477,-13,-190.53846153846155
900120,331,230,1.4391304347826086
359090,666,7,95.14285714285714
115530,405,-3,-135.0
115480,522,25,20.88
340810,650,-24,-27.083333333333332
376290,556,45,12.355555555555556
189330,813,-16,-50.8125
096530,12589,31,406.0967741935484
101240,495,28,17.678571428571427
060590,2323,-2,-1161.5
260930,953,-8,-119.125
052300,2664,54,49.333333333333336
413630,,,
013990,1632,34,48.0
123860,2952,29,101.79310344827586
025980,10949,-12,-912.4166666666666
125210,2370,27,87.77777777777777
357580,1608,13,123.6923076923077
052710,2015,53,38.0188679245283
074430,1370,2,685.0
092040,6571,3,2190.3333333333335
083930,2639,37,71.32432432432432
149950,1926,55,35.018181818181816
036010,1670,1,1670.0
050860,683,73,9.356164383561644
136410,1134,26,43.61538461538461
246720,898,-11,-81.63636363636364
067390,2054,-107,-19.19626168224299
159010,1841,36,51.138888888888886
127710,2688,-34,-79.05882352941177
154030,427,-5,-85.4
227610,655,-11,-59.54545454545455
143160,3312,84,39.42857142857143
054800,6707,175,38.325714285714284
332370,495,18,27.5
339950,863,-10,-86.3
099190,6672,49,136.16326530612244
289010,590,-27,-21.85185185185185
214430,3482,54,64.48148148148148
040910,1647,-51,-32.294117647058826
368600,1384,35,39.542857142857144
456010,0,-12,-0.0
052860,506,-15,-33.733333333333334
069920,758,-26,-29.153846153846153
038880,1687,-12,-140.58333333333334
307180,1448,33,43.878787878787875
101390,848,5,169.6
461030,0,-26,-0.0
451220,1693,-4,-423.25
078860,301,-13,-23.153846153846153
090150,1134,30,37.8
123010,469,-11,-42.63636363636363
031310,1062,21,50.57142857142857
185490,925,-36,-25.694444444444443
059100,438,7,62.57142857142857
262840,754,0,
175250,1480,-19,-77.89473684210526
052460,522,35,14.914285714285715
119830,1809,43,42.06976744186046
052770,800,-15,-53.333333333333336
124500,3529,39,90.48717948717949
372800,417,5,83.4
084850,7346,94,78.14893617021276
114840,3913,120,32.608333333333334
027360,,,
032080,312,7,44.57142857142857
013310,5306,235,22.57872340425532
059120,1190,3,396.6666666666667
158430,1005,39,25.76923076923077
321820,1893,-6,-315.5
001540,1634,44,37.13636363636363
053800,6732,1,6732.0
065660,1398,-8,-174.75
297570,472,13,36.30769230769231
260660,1028,1,1028.0
354320,3417,11,310.6363636363636
361570,1271,-18,-70.61111111111111
131370,2063,9,229.22222222222223
140670,2034,-12,-169.5
096610,572,4,143.0
061040,1305,54,24.166666666666668
148250,351,5,70.2
347860,899,-50,-17.98
196170,104646,179,584.6145251396648
123750,297,-9,-33.0
085810,408,-11,-37.09090909090909
117670,390,3,130.0
314140,1024,14,73.14285714285714
291650,559,-21,-26.61904761904762
293780,1563,-30,-52.1
196300,1067,-5,-213.4
310200,1871,105,17.81904761904762
299910,325,-8,-40.625
179530,350,-3,-116.66666666666667
900100,639,-29,-22.03448275862069
205500,882,-37,-23.83783783783784
052790,1016,-12,-84.66666666666667
290740,720,22,32.72727272727273
238090,911,-10,-91.1
092600,647,-58,-11.155172413793103
129890,519,27,19.22222222222222
174900,3137,-50,-62.74
255440,1355,-27,-50.18518518518518
030960,1761,39,45.15384615384615
102120,3861,50,77.22
263540,,,
238120,651,4,162.75
019990,637,2,318.5
270660,2897,-2,-1448.5
038680,1198,-20,-59.9
217480,584,-18,-32.44444444444444
121890,277,-1,-277.0
304360,1405,-13,-108.07692307692308
389500,2166,-14,-154.71428571428572
042110,744,41,18.146341463414632
298060,637,-31,-20.548387096774192
065420,185,-9,-20.555555555555557
103230,284,13,21.846153846153847
260970,1133,40,28.325
101490,9808,106,92.52830188679245
095910,1196,16,74.75
275630,262,-2,-131.0
031330,5057,221,22.88235294117647
060540,917,29,31.620689655172413
351320,616,-17,-36.23529411764706
056190,15675,789,19.866920152091254
080000,947,12,78.91666666666667
214310,469,8,58.625
246250,391,4,97.75
041510,22606,308,73.3961038961039
007820,1166,17,68.58823529411765
464080,0,-23,-0.0
109610,3373,90,37.477777777777774
365330,852,25,34.08
031860,227,-32,-7.09375
306040,789,30,26.3
457940,,,
472230,,,
473000,,,
435870,,,
455910,,,
096630,1746,67,26.059701492537314
069510,921,108,8.527777777777779
234300,1094,-15,-72.93333333333334
039440,5778,32,180.5625
098660,520,7,74.28571428571429
052020,2596,-50,-51.92
237690,17392,79,220.15189873417722
050760,366,9,40.666666666666664
288620,1038,17,61.05882352941177
443670,3425,6,570.8333333333334
317830,1285,-6,-214.16666666666666
058610,6847,47,145.68085106382978
043340,994,4,248.5
187660,731,-14,-52.214285714285715
054630,610,-41,-14.878048780487806
200710,5389,-23,-234.30434782608697
096690,1327,-13,-102.07692307692308
298380,12979,-136,-95.43382352941177
203400,1557,-66,-23.59090909090909
195990,1594,-17,-93.76470588235294
003800,2906,176,16.511363636363637
088800,2648,-10,-264.8
241840,1071,19,56.36842105263158
453860,1643,40,41.075
312610,447,-6,-74.5
172670,2533,18,140.72222222222223
445090,6503,23,282.7391304347826
295310,336,14,24.0
072990,1124,48,23.416666666666668
239610,826,-16,-51.625
462020,,,
477340,,,
148930,707,6,117.83333333333333
044780,300,-4,-75.0
357230,2110,50,42.2
355690,748,-20,-37.4
071670,1882,30,62.733333333333334
045660,1405,16,87.8125
224110,1262,87,14.505747126436782
021080,,,
089530,579,-34,-17.029411764705884
200470,3285,-61,-53.85245901639344
262260,2626,40,65.65
397030,3540,-23,-153.91304347826087
230240,2045,-101,-20.247524752475247
230360,4708,72,65.38888888888889
038870,773,-6,-128.83333333333334
097780,844,-50,-16.88
448280,3106,4,776.5
101360,6523,4,1630.75
128540,932,-34,-27.41176470588235
086520,204883,-298,-687.5268456375838
247540,285532,67,4261.671641791045
383310,12346,88,140.29545454545453
038110,4936,335,14.734328358208955
073540,214,-7,-30.571428571428573
064850,914,18,50.77777777777778
036810,6076,17,357.4117647058824
173940,663,-4,-165.75
083500,1044,5,208.8
054940,496,10,49.6
950130,2742,67,40.92537313432836
373110,61,-16,-3.8125
205100,1894,-21,-90.19047619047619
356680,1761,4,440.25
070300,249,4,62.25
317770,1181,-3,-393.6666666666667
373200,1141,-6,-190.16666666666666
092870,3086,-41,-75.26829268292683
317870,1699,7,242.71428571428572
067570,7364,210,35.06666666666667
236810,1296,-11,-117.81818181818181
333620,932,24,38.833333333333336
101400,361,-2,-180.5
422040,,,
437780,,,
438580,,,
439410,,,
440820,,,
451700,,,
466910,,,
265740,790,-14,-56.42857142857143
354200,645,-27,-23.88888888888889
455900,9628,-23,-418.60869565217394
419080,1459,-11,-132.63636363636363
208860,402,4,100.5
183490,1613,-13,-124.07692307692308
182400,2015,-29,-69.48275862068965
348370,44065,-80,-550.8125
069410,520,-22,-23.636363636363637
227950,826,-9,-91.77777777777777
291230,1442,-9,-160.22222222222223
198080,664,68,9.764705882352942
048830,317,13,24.384615384615383
096870,,,
290650,5670,31,182.90322580645162
156100,1695,23,73.69565217391305
073110,841,66,12.742424242424242
083310,4146,41,101.1219512195122
037950,1097,5,219.4
170920,2276,41,55.51219512195122
058630,1124,46,24.434782608695652
058970,7898,8,987.25
019590,,,
169330,551,37,14.891891891891891
373170,683,1,683.0
179290,2587,59,43.847457627118644
009780,1329,65,20.446153846153845
123040,10151,545,18.625688073394496
323230,710,-54,-13.148148148148149
032790,904,-20,-45.2
033160,12194,137,89.00729927007299
347890,1287,15,85.8
033310,1369,18,76.05555555555556
259630,1366,37,36.91891891891892
105550,1302,-6,-217.0
060850,718,-6,-119.66666666666667
143540,574,-14,-41.0
036560,1907,80,23.8375
265560,951,37,25.7027027027027
036000,1175,-11,-106.81818181818181
250930,463,-5,-92.6
053280,1552,44,35.27272727272727
122640,5194,25,207.76
900300,204,-76,-2.6842105263157894
045060,540,30,18.0
080520,535,-10,-53.5
039830,3686,93,39.634408602150536
322310,3302,-60,-55.03333333333333
046120,1062,17,62.470588235294116
014940,1651,47,35.12765957446808
065500,734,12,61.166666666666664
010470,935,-1,-935.0
417860,617,-18,-34.27777777777778
352910,967,-3,-322.3333333333333
053980,936,16,58.5
036220,,-34,
052420,1192,65,18.338461538461537
039200,10433,-75,-139.10666666666665
226400,1069,20,53.45
031510,521,32,16.28125
368970,599,12,49.916666666666664
138080,1423,-55,-25.87272727272727
080580,1894,25,75.76
067170,3182,31,102.64516129032258
353590,746,4,186.5
173130,1131,4,282.75
440320,646,4,161.5
049480,927,10,92.7
394280,6216,-66,-94.18181818181819
309930,744,12,62.0
244460,224,-26,-8.615384615384615
226950,2835,-94,-30.159574468085108
057540,530,23,23.043478260869566
131030,1136,32,35.5
082210,2436,84,29.0
109080,558,-1,-558.0
380540,402,-20,-20.1
153710,1036,-5,-207.2
432430,2177,-14,-155.5
338840,1786,-19,-94.0
122990,2266,180,12.588888888888889
232140,6697,18,372.05555555555554
112290,2186,-13,-168.15384615384616
065530,1311,39,33.61538461538461
067900,1496,63,23.746031746031747
007530,1023,39,26.23076923076923
155650,1022,32,31.9375
273640,1406,9,156.22222222222223
251370,2287,24,95.29166666666667
066430,236,2,118.0
273060,989,-2,-494.5
019210,6818,263,25.923954372623573
122870,9991,18,555.0555555555555
332570,1267,66,19.196969696969695
079000,353,0,
403490,1079,16,67.4375
032820,2565,5,513.0
041190,,,
115440,988,108,9.148148148148149
046970,712,-9,-79.11111111111111
082850,1951,104,18.759615384615383
215360,2479,58,42.741379310344826
072470,2665,97,27.47422680412371
073560,2059,95,21.673684210526314
037400,2330,129,18.06201550387597
153490,575,23,25.0
101170,831,14,59.357142857142854
066590,1681,27,62.25925925925926
103840,1359,26,52.26923076923077
046940,555,9,61.666666666666664
215380,711,6,118.5
065680,1920,69,27.82608695652174
018620,867,16,54.1875
457550,2401,15,160.06666666666666
396470,1670,1,1670.0
307280,688,16,43.0
032940,1132,41,27.609756097560975
240810,20370,-164,-124.20731707317073
074600,16254,487,33.37577002053388
104830,4646,198,23.464646464646464
014190,654,16,40.875
217820,3979,-207,-19.22222222222222
030530,9201,90,102.23333333333333
012620,1122,44,25.5
382840,2778,80,34.725
336570,8685,72,120.625
376980,728,-4,-182.0
008370,499,27,18.48148148148148
008290,441,1,441.0
101160,4086,182,22.45054945054945
064090,1103,-6,-183.83333333333334
336060,726,-8,-90.75
095270,749,12,62.416666666666664
065950,1719,34,50.55882352941177
076080,559,27,20.703703703703702
043590,319,-34,-9.382352941176471
196700,424,9,47.111111111111114
069080,5789,197,29.385786802030456
053580,1286,43,29.906976744186046
071460,2238,-161,-13.900621118012422
377460,1269,-74,-17.14864864864865
044340,2357,19,124.05263157894737
330350,1205,38,31.710526315789473
348350,909,9,101.0
112040,21909,-329,-66.59270516717325
101730,4182,-5,-836.4
123420,2288,17,134.58823529411765
065370,661,-1,-661.0
038620,594,19,31.263157894736842
299900,4359,-11,-396.27272727272725
036090,1694,46,36.82608695652174
136540,1824,58,31.448275862068964
320000,567,-8,-70.875
097800,1769,-53,-33.37735849056604
192390,775,50,15.5
335870,265,-5,-53.0
900340,583,91,6.406593406593407
036200,2809,51,55.07843137254902
018000,3092,-34,-90.94117647058823
203450,493,-6,-82.16666666666667
011320,1517,30,50.56666666666667
086390,3520,-79,-44.55696202531646
241690,1328,9,147.55555555555554
142210,2251,88,25.579545454545453
048430,1136,34,33.411764705882355
206650,4418,47,94.0
089850,3282,95,34.54736842105263
084440,258,-5,-51.6
032620,2763,18,153.5
264450,1763,36,48.97222222222222
078070,3395,30,113.16666666666667
024800,2073,11,188.45454545454547
054930,866,17,50.94117647058823
069330,293,8,36.625
049520,1060,110,9.636363636363637
435380,,,
444920,,,
446150,,,
449020,,,
450940,,,
473050,,,
474490,,,
430700,,,
263770,652,20,32.6
388720,2933,-8,-366.625
340930,2178,-12,-181.5
023410,13327,159,83.81761006289308
056080,3526,-7,-503.7142857142857
468760,,,
442130,,,
084370,10358,78,132.7948717948718
240600,954,5,190.8
221800,472,-5,-94.4
179900,6229,-45,-138.42222222222222
263050,1020,-56,-18.214285714285715
191410,235,11,21.363636363636363
372170,6567,109,60.24770642201835
146060,558,11,50.72727272727273
072770,1838,-23,-79.91304347826087
039020,4532,50,90.64
067920,700,-17,-41.1764705882353
044960,665,18,36.94444444444444
303530,917,-54,-16.98148148148148
296640,404,5,80.8
302430,1313,13,101.0
462350,0,-40,-0.0
274400,944,-6,-157.33333333333334
056090,1104,-8,-138.0
073490,2270,-38,-59.73684210526316
215790,382,-56,-6.821428571428571
344860,275,2,137.5
088390,2468,10,246.8
272290,6112,210,29.104761904761904
053350,684,1,684.0
452400,1942,-8,-242.75
264850,2236,22,101.63636363636364
054210,3541,60,59.016666666666666
009730,1367,8,170.875
164060,1525,15,101.66666666666667
065440,489,10,48.9
115610,613,-2,-306.5
478110,,,
131400,1755,19,92.36842105263158
351330,1109,-8,-138.625
080010,793,47,16.872340425531913
086890,2298,43,53.44186046511628
047560,3266,-12,-272.1666666666667
900110,406,13,31.23076923076923
239340,791,3,263.6666666666667
067010,441,26,16.96153846153846
418620,1944,-33,-58.90909090909091
102710,5735,181,31.685082872928177
041520,926,-6,-154.33333333333334
063760,289,-10,-28.9
123570,863,10,86.3
083470,432,4,108.0
095190,1634,18,90.77777777777777
091120,5660,3,1886.6666666666667
039030,25744,70,367.77142857142854
294090,1472,-68,-21.647058823529413
088290,563,0,
353810,2197,74,29.68918918918919
099750,1200,17,70.58823529411765
377330,591,-6,-98.5
035810,14744,444,33.207207207207205
160600,1069,15,71.26666666666667
092130,1570,4,392.5
096040,2499,-6,-416.5
134060,244,7,34.857142857142854
001840,735,-20,-36.75
024810,1816,-5,-363.2
041830,4136,116,35.6551724137931
352940,495,33,15.0
079950,540,-6,-90.0
389470,1012,-33,-30.666666666666668
277410,688,-1,-688.0
060150,3930,93,42.25806451612903
033230,1843,-18,-102.38888888888889
450520,799,-19,-42.05263157894737
037330,2409,110,21.9
100030,611,2,305.5
211050,2260,219,10.319634703196346
083640,399,-2,-199.5
216050,1279,12,106.58333333333333
049070,6422,107,60.018691588785046
119610,4125,81,50.925925925925924
017250,436,8,54.5
051370,3380,126,26.825396825396826
064290,5025,-21,-239.28571428571428
189300,6414,-41,-156.4390243902439
150840,2337,-5,-467.4
048530,2483,-6,-413.8333333333333
115310,715,23,31.08695652173913
039290,896,-12,-74.66666666666667
071200,1329,-25,-53.16
101930,1684,21,80.19047619047619
333430,1290,2,645.0
068330,631,2,315.5
178780,1208,-5,-241.6
019540,2678,247,10.842105263157896
094820,1873,45,41.62222222222222
950140,2487,78,31.884615384615383
049550,1152,22,52.36363636363637
389020,4791,7,684.4285714285714
254120,714,9,79.33333333333333
043910,998,20,49.9
234920,1343,-12,-111.91666666666667
289220,2303,-24,-95.95833333333333
174880,116,26,4.461538461538462
049630,1128,56,20.142857142857142
417840,1208,-38,-31.789473684210527
110020,610,6,101.66666666666667
208140,976,52,18.76923076923077
040420,1085,54,20.09259259259259
045510,401,3,133.66666666666666
217190,1409,10,140.9
095700,3771,-114,-33.078947368421055
072520,460,-11,-41.81818181818182
122310,1005,38,26.44736842105263
361390,1230,-6,-205.0
187420,1321,-4,-330.25
225220,747,-17,-43.94117647058823
123330,310,-2,-155.0
159580,1190,15,79.33333333333333
147830,779,7,111.28571428571429
033100,7019,261,26.89272030651341
079370,6501,105,61.91428571428571
054950,3567,85,41.96470588235294
023440,986,-13,-75.84615384615384
090470,1681,2,840.5
287410,6114,100,61.14
137950,2563,43,59.604651162790695
033320,880,29,30.344827586206897
417500,1760,30,58.666666666666664
204270,9854,463,21.2829373650108
026040,333,-1,-333.0
452160,1080,12,90.0
126880,986,-23,-42.869565217391305
322510,2088,-35,-59.65714285714286
033050,332,13,25.53846153846154
094970,1486,23,64.6086956521739
418550,8760,26,336.9230769230769
420570,998,8,124.75
089790,1116,-3,-372.0
052670,606,-3,-202.0
412540,,,
199820,1113,34,32.73529411764706
038010,652,93,7.010752688172043
276730,949,-7,-135.57142857142858
080220,10162,54,188.1851851851852
216080,3315,40,82.875
229000,549,-23,-23.869565217391305
082270,4742,-171,-27.730994152046783
044060,840,19,44.21052631578947
034940,686,-17,-40.35294117647059
067000,2536,54,46.96296296296296
033340,2089,12,174.08333333333334
036930,17683,117,151.13675213675214
072020,1029,28,36.75
000440,1089,-1,-1089.0
051980,3931,-24,-163.79166666666666
228760,5322,-36,-147.83333333333334
314130,1897,-74,-25.635135135135137
389030,650,-22,-29.545454545454547
043610,2429,51,47.627450980392155
263860,1192,-3,-397.3333333333333
303030,688,-1,-688.0
036180,749,-21,-35.666666666666664
208350,508,-5,-101.6
144510,7576,-13,-582.7692307692307
358570,5831,-121,-48.1900826446281
382480,1240,7,177.14285714285714
382800,1605,33,48.63636363636363
051160,1898,113,16.79646017699115
053050,1246,63,19.77777777777778
119850,1041,29,35.89655172413793
065060,1677,-7,-239.57142857142858
204840,1092,-10,-109.2
270520,3488,-14,-249.14285714285714
311320,1651,15,110.06666666666666
388050,1686,6,281.0
018120,1023,34,30.08823529411765
109820,571,-8,-71.375
086060,355,14,25.357142857142858
036890,2349,84,27.964285714285715
363250,641,-22,-29.136363636363637
007370,714,29,24.620689655172413
285800,660,3,220.0
085660,17552,-32,-548.5
261780,1374,-14,-98.14285714285714
094850,986,18,54.77777777777778
004650,1170,50,23.4
278280,12976,-227,-57.16299559471366
362320,1720,24,71.66666666666667
066360,1853,49,37.816326530612244
047820,1963,46,42.67391304347826
094360,5726,4,1431.5
016920,951,14,67.92857142857143
284620,1053,-23,-45.78260869565217
293490,25920,305,84.98360655737704
140430,0,-13,-0.0
042000,4288,100,42.88
313760,467,-20,-23.35
317530,361,-9,-40.111111111111114
071850,1092,13,84.0
050110,1394,63,22.126984126984127
452300,,,
119860,6495,139,46.726618705035975
451760,2837,-26,-109.11538461538461
900310,492,3,164.0
078340,6405,74,86.55405405405405
063080,3619,50,72.38
307930,,,
079190,305,-14,-21.785714285714285
263700,1227,13,94.38461538461539
214370,12247,106,115.5377358490566
221980,488,20,24.4
038530,1027,-4,-256.75
424140,,,
192250,1207,0,
115500,898,2,449.0
089150,612,4,153.0
025880,545,37,14.72972972972973
093320,5014,98,51.16326530612245
093640,2442,-34,-71.82352941176471
073010,1597,42,38.023809523809526
105330,1275,21,60.714285714285715
053080,3121,72,43.34722222222222
199430,2826,-16,-176.625
432470,1475,9,163.88888888888889
272110,1760,21,83.80952380952381
039420,656,24,27.333333333333332
083550,653,1,653.0
032500,6762,-86,-78.62790697674419
225430,389,1,389.0
102370,1779,-8,-222.375
068100,770,-9,-85.55555555555556
036030,2696,148,18.216216216216218
064820,3246,114,28.473684210526315
256940,1494,42,35.57142857142857
024880,3594,161,22.322981366459626
042040,794,-15,-52.93333333333333
054410,509,3,169.66666666666666
258610,1279,7,182.71428571428572
274090,2061,2,1030.5
089010,5414,197,27.482233502538072
220260,2189,30,72.96666666666667
052400,2668,61,43.73770491803279
402030,3164,-52,-60.84615384615385
391710,1556,-12,-129.66666666666666
046070,2776,-15,-185.06666666666666
047770,692,10,69.2
080530,990,12,82.5
104540,1806,15,120.4
027050,1049,11,95.36363636363636
190650,,,
123410,2290,142,16.12676056338028
036690,663,18,36.833333333333336
049430,796,47,16.93617021276596
183300,9238,382,24.18324607329843
041960,3503,18,194.61111111111111
089890,3059,-1,-3059.0
360350,1127,-3,-375.6666666666667
082660,232,-16,-14.5
222040,2345,41,57.19512195121951
241710,5176,180,28.755555555555556
355150,724,3,241.33333333333334
166480,3790,-12,-315.8333333333333
045970,3130,37,84.5945945945946
196450,848,38,22.31578947368421
384470,2060,-32,-64.375
029960,3425,122,28.07377049180328
102940,3759,-14,-268.5
950160,9428,-40,-235.7
033290,5331,176,30.289772727272727
056360,597,-32,-18.65625
282880,4116,10,411.6
121850,420,-1,-420.0
448710,1161,13,89.3076923076923
126730,,,
015710,798,8,99.75
052330,1382,47,29.404255319148938
322780,903,2,451.5
200130,5685,140,40.607142857142854
294570,2008,48,41.833333333333336
317690,688,-37,-18.594594594594593
078940,1527,-12,-127.25
227100,373,-11,-33.90909090909091
432720,4238,-55,-77.05454545454545
365270,2443,-29,-84.24137931034483
348080,936,-30,-31.2
060280,5567,-12,-463.9166666666667
372320,4573,-75,-60.973333333333336
051780,728,-4,-182.0
115180,1282,-55,-23.30909090909091
445680,3594,-27,-133.11111111111111
182360,2246,66,34.03030303030303
405100,3902,26,150.07692307692307
066310,896,10,89.6
016600,,,
355390,1419,-30,-47.3
096240,2551,50,51.02
040350,608,-14,-43.42857142857143
110790,3877,31,125.06451612903226
900250,1591,86,18.5
045520,788,13,60.61538461538461
036170,604,0,
214150,22592,277,81.5595667870036
352770,635,-13,-48.84615384615385
237880,5075,91,55.76923076923077
139670,778,2,389.0
413600,,,
433530,,,
446840,,,
054780,1202,10,120.2
219130,2540,12,211.66666666666666
360070,5529,7,789.8571428571429
065130,2650,-3,-883.3333333333334
134580,717,-3,-239.0
023160,3716,152,24.44736842105263
323280,1129,23,49.08695652173913
053620,628,24,26.166666666666668
044490,4676,113,41.38053097345133
124560,1565,73,21.438356164383563
191420,1811,-7,-258.7142857142857
073640,635,-27,-23.51851851851852
066700,1713,53,32.320754716981135
095610,4319,38,113.65789473684211
064520,816,10,81.6
089030,15132,81,186.8148148148148
054450,4359,36,121.08333333333333
200230,1023,1,1023.0
393210,868,-13,-66.76923076923077
215480,350,7,50.0
051360,4389,152,28.875
045340,499,4,124.75
108230,3314,301,11.009966777408637
079970,493,-14,-35.214285714285715
199800,5385,-46,-117.06521739130434
417790,1287,25,51.48
290090,827,-7,-118.14285714285714
026150,1540,36,42.77777777777778
322180,951,-18,-52.833333333333336
117730,3908,-14,-279.14285714285717
033830,908,1,908.0
057680,973,-6,-162.16666666666666
204610,952,28,34.0
064760,15189,212,71.64622641509433
246710,1929,-28,-68.89285714285714
340570,4357,81,53.79012345679013
043220,1283,-6,-213.83333333333334
277880,2448,30,81.6
131290,7365,37,199.05405405405406
425420,4496,20,224.8
131100,544,34,16.0
356860,2811,13,216.23076923076923
062860,573,-29,-19.75862068965517
321550,2084,-36,-57.888888888888886
425040,5477,128,42.7890625
241790,1357,68,19.955882352941178
104480,4389,-20,-219.45
081150,1087,6,181.16666666666666
130740,578,1,578.0
084730,1754,69,25.420289855072465
440110,7815,-134,-58.32089552238806
033540,1157,31,37.32258064516129
388870,2420,-33,-73.33333333333333
043200,460,2,230.0
214450,10714,298,35.95302013422819
208340,880,-13,-67.6923076923077
177830,836,38,22.0
037070,2040,-21,-97.14285714285714
150900,741,-5,-148.2
037030,611,35,17.457142857142856
047310,3542,65,54.49230769230769
368770,1050,13,80.76923076923077
170790,871,-12,-72.58333333333333
049120,941,12,78.41666666666667
038950,509,-17,-29.941176470588236
441270,4134,44,93.95454545454545
106240,746,7,106.57142857142857
131760,423,23,18.391304347826086
065690,486,2,243.0
140860,11685,18,649.1666666666666
091700,4968,297,16.727272727272727
032800,626,17,36.8235294117647
318010,564,5,112.8
027710,6159,183,33.65573770491803
225590,361,17,21.235294117647058
054300,683,9,75.88888888888889
068050,822,7,117.42857142857143
222110,668,5,133.6
271830,1006,-15,-67.06666666666666
263750,19274,70,275.34285714285716
251970,3293,133,24.7593984962406
168360,2468,-15,-164.53333333333333
087010,5919,-34,-174.08823529411765
064800,2656,-90,-29.511111111111113
119500,454,10,45.4
389140,1350,-30,-45.0
105760,1243,-7,-177.57142857142858
009520,9474,24,394.75
189690,813,52,15.634615384615385
318020,2381,10,238.1
256630,977,5,195.4
331380,465,-11,-42.27272727272727
472850,2603,117,22.247863247863247
039980,1580,-1,-1580.0
041910,1258,0,
234100,2558,25,102.32
041020,6075,34,178.6764705882353
114630,576,9,64.0
290720,1530,-58,-26.379310344827587
005670,1186,56,21.178571428571427
094940,710,5,142.0
057880,2098,-16,-131.125
007330,,,
093380,360,37,9.72972972972973
023900,1737,50,34.74
371950,1631,-10,-163.1
370090,1923,3,641.0
445180,2056,39,52.717948717948715
151910,1336,11,121.45454545454545
220100,2280,-5,-456.0
035200,375,4,93.75
334970,4033,-236,-17.088983050847457
321260,871,1,871.0
053610,6001,-26,-230.80769230769232
303360,368,-1,-368.0
377220,870,-59,-14.745762711864407
335810,681,-11,-61.90909090909091
053160,813,-5,-162.6
405000,707,-27,-26.185185185185187
041590,1161,-49,-23.693877551020407
367000,646,2,323.0
075130,515,5,103.0
237820,839,12,69.91666666666667
023770,514,21,24.476190476190474
019570,,,
300080,1502,-3,-500.6666666666667
032580,560,-13,-43.07692307692308
051380,757,10,75.7
241820,809,-37,-21.864864864864863
237750,361,10,36.1
319660,8748,230,38.03478260869565
031980,9919,166,59.75301204819277
002230,667,5,133.4
043370,2333,257,9.077821011673151
239890,1779,23,77.34782608695652
347740,869,11,79.0
137400,10070,400,25.175
257370,1076,1,1076.0
147760,823,1,823.0
128660,1342,19,70.63157894736842
006140,1220,40,30.5
376180,724,8,90.5
304840,655,-28,-23.392857142857142
062970,304,-16,-19.0
087600,792,6,132.0
291810,408,-6,-68.0
378340,6963,20,348.15
161580,5398,-6,-899.6666666666666
347770,1022,6,170.33333333333334
163730,875,4,218.75
417180,656,4,164.0
446750,,,
448370,,,
454750,,,
454640,,,
469880,,,
469900,,,
475240,,,
475250,,,
406760,,,
418170,,,
430230,,,
435620,,,
299030,5257,-43,-122.25581395348837
067310,26209,460,56.97608695652174
166090,12648,153,82.66666666666667
136480,6862,229,29.965065502183407
003380,86551,1750,49.45771428571429
450330,88,10,8.8
101670,3639,-10,-363.9
365590,2011,-13,-154.69230769230768
149980,1434,16,89.625
013030,3372,154,21.896103896103895
126700,3785,64,59.140625
106080,932,-12,-77.66666666666667
400840,,,
450050,,,
160190,183,11,16.636363636363637
221840,857,10,85.7
106190,1098,51,21.529411764705884
065650,903,-3,-301.0
066130,659,32,20.59375
004590,693,29,23.896551724137932
039340,1334,22,60.63636363636363
034950,3945,48,82.1875
222980,654,12,54.5
256840,5094,33,154.36363636363637
219750,259,4,64.75
025550,1878,30,62.6
017890,2791,102,27.362745098039216
080720,773,-13,-59.46153846153846
063570,3907,206,18.966019417475728
041460,792,14,56.57142857142857
101680,256,-3,-85.33333333333333
039740,367,6,61.166666666666664
053300,2584,61,42.36065573770492
025770,3277,121,27.082644628099175
436610,,,
458610,,,
464440,,,
477530,,,
479880,,,
023760,,,
054040,1030,15,68.66666666666667
021650,506,48,10.541666666666666
053590,624,-1,-624.0
032300,2410,24,100.41666666666667
037230,1328,30,44.266666666666666
030520,6520,118,55.25423728813559
052600,524,18,29.11111111111111
256150,625,14,44.642857142857146
092460,1039,44,23.613636363636363
452190,1746,-2,-873.0
047080,575,0,
452280,1129,19,59.421052631578945
066980,2279,54,42.2037037037037
114810,3833,72,53.236111111111114
070590,224,-12,-18.666666666666668
226440,1134,-15,-75.6
042520,2095,38,55.13157894736842
430690,764,-11,-69.45454545454545
078350,2931,152,19.282894736842106
045100,3380,278,12.158273381294965
091440,1832,-28,-65.42857142857143
024740,1447,53,27.30188679245283
005860,1972,22,89.63636363636364
007770,686,-9,-76.22222222222223
198940,1555,37,42.027027027027025
058450,495,-6,-82.5
107640,2920,10,292.0
079170,407,17,23.941176470588236
054920,1332,5,266.4
002680,936,10,93.6
430460,,,
455310,,,
034810,13490,351,38.433048433048434
03481K,,,
059270,1198,0,
076610,721,36,20.02777777777778
220180,751,-10,-75.1
900270,266,11,24.181818181818183
214180,3048,137,22.248175182481752
234340,1768,53,33.35849056603774
084990,2182,-47,-46.42553191489362
170030,1177,58,20.29310344827586
319400,3655,51,71.66666666666667
048410,8378,14,598.4285714285714
052260,1451,55,26.381818181818183
016790,2953,-97,-30.443298969072163
041440,1244,-4,-311.0
039010,559,30,18.633333333333333
090850,1399,84,16.654761904761905
460930,6534,59,110.7457627118644
092300,901,59,15.271186440677965
138360,341,-11,-31.0
011080,325,-4,-81.25
060560,2799,81,34.55555555555556
064240,1101,-18,-61.166666666666664
039610,754,26,29.0
126640,558,28,19.928571428571427
127980,1096,17,64.47058823529412
061250,1099,8,137.375
097870,640,52,12.307692307692308
290270,435,-9,-48.333333333333336
353190,529,12,44.083333333333336
192410,220,-12,-18.333333333333332
090710,2473,1,2473.0
078590,512,18,28.444444444444443
205470,2652,-32,-82.875
115160,3677,94,39.11702127659574
028080,4441,86,51.63953488372093
175140,1064,-14,-76.0
200670,3240,134,24.17910447761194
065510,2228,47,47.40425531914894
215090,1208,5,241.6
263920,558,14,39.857142857142854
243070,4800,160,30.0
084110,7085,359,19.735376044568245
145020,23301,278,83.81654676258992
024060,1572,-2,-786.0
010240,690,40,17.25
189980,1725,37,46.62162162162162
037440,947,32,29.59375
238490,710,31,22.903225806451612
