,종목 코드,베타 값
0,095570,0.52692
1,006840,0.46803
2,027410,0.65719
3,282330,0.29867
4,138930,0.40175
5,001460,0.47972
6,001465,
7,001040,0.65282
8,079160,0.57715
9,00104K,
10,000120,0.41137
11,011150,0.55898
12,011155,
13,001045,
14,097950,0.35562
15,097955,
16,000480,0.69249
17,000590,0.26349
18,012030,0.52005
19,016610,0.36593
20,005830,0.54690
21,000990,1.00778
22,139130,0.49847
23,001530,0.61473
24,000210,0.56230
25,000215,
26,375500,0.47824
27,37550L,
28,37550K,
29,007340,0.42371
30,004840,0.58421
31,155660,0.43336
32,069730,0.54307
33,017860,0.92007
34,017940,0.40459
35,365550,0.23905
36,383220,0.59006
37,007700,0.88430
38,114090,0.40641
39,078930,0.61029
40,006360,0.64711
41,001250,0.63225
42,007070,0.38133
43,078935,
44,012630,0.36546
45,039570,0.18048
46,089470,0.60828
47,294870,0.43928
48,009540,0.95321
49,267250,0.54881
50,267270,1.43534
51,443060,-0.11289
52,010620,0.95208
53,322000,1.10806
54,042670,1.55051
55,267260,0.57740
56,329180,0.94045
57,097230,0.64586
58,014790,0.35857
59,003580,1.02882
60,204320,1.07229
61,060980,0.34707
62,011200,1.01647
63,035000,0.16905
64,002460,0.28562
65,003560,0.00000
66,175330,0.55827
67,234080,0.41671
68,001060,0.85745
69,001067,
70,001065,
71,096760,0.52913
72,105560,1.03122
73,432320,0.18402
74,002380,0.74093
75,344820,0.28829
76,009070,0.35317
77,009440,0.63980
78,119650,0.54148
79,092220,1.01102
80,003620,0.93105
81,016380,1.09760
82,001390,0.90571
83,033180,0.00000
84,015590,0.30967
85,001940,0.42240
86,025000,0.22202
87,092230,0.23694
88,000040,0.37201
89,044450,0.63665
90,030200,0.53447
91,033780,0.34113
92,058850,0.86170
93,058860,0.70740
94,093050,0.35483
95,003550,1.06322
96,034220,1.07036
97,051900,0.75606
98,051905,
99,373220,1.70077
100,003555,
101,032640,0.25463
102,011070,1.03560
103,066570,0.78411
104,066575,
105,037560,0.61471
106,051910,1.38847
107,051915,
108,079550,0.30194
109,006260,1.42348
110,010120,0.93935
111,000680,0.33122
112,229640,0.30803
113,108320,0.57033
114,001120,0.78428
115,108670,0.58530
116,108675,
117,383800,0.42305
118,38380K,
119,023150,0.22296
120,035420,0.86164
121,181710,0.49991
122,400760,0.23260
123,005940,0.58511
124,005945,
125,338100,0.08469
126,034310,0.06416
127,030190,0.30281
128,008260,0.68957
129,004250,0.81529
130,004255,
131,456040,1.11917
132,010060,0.91233
133,178920,1.22607
134,005490,1.77226
135,010950,0.53601
136,010955,
137,034120,0.35240
138,005090,0.35412
139,001380,0.64407
140,004060,0.41090
141,001770,0.25712
142,002360,0.43290
143,009160,0.76831
144,123700,0.66053
145,025530,0.67284
146,034730,1.17633
147,011790,1.45031
148,018670,0.11977
149,001740,1.04949
150,006120,0.68088
151,006125,
152,210980,0.44305
153,395400,0.35554
154,302440,1.00777
155,326030,0.83342
156,402340,1.46636
157,361610,1.29587
158,100090,1.04153
159,03473K,
160,096770,1.61450
161,096775,
162,475150,1.25037
163,001510,0.58409
164,001515,
165,285130,0.68604
166,28513K,
167,017670,0.25706
168,000660,1.33229
169,003570,0.11854
170,064960,0.42726
171,100840,0.84672
172,036530,0.34992
173,005610,0.15607
174,011810,1.83939
175,465770,1.32460
176,077970,0.45626
177,071970,0.80533
178,002820,0.16602
179,084870,0.10190
180,002710,1.50661
181,069260,0.32324
182,007980,0.63205
183,002900,0.90849
184,024070,0.13527
185,037270,0.66991
186,000500,1.28014
187,000860,0.25234
188,035250,0.62139
189,011420,0.60542
190,002100,0.18217
191,009450,0.57704
192,267290,0.26593
193,012320,0.76729
194,000050,0.26085
195,214390,0.86324
196,012610,0.50564
197,009140,0.48157
198,013580,0.60441
199,012200,0.42945
200,012205,
201,002140,0.34791
202,010130,0.63634
203,002240,0.58979
204,009290,0.49230
205,017040,0.92193
206,017900,0.74391
207,037710,0.17811
208,030610,0.41232
209,339770,0.32348
210,007690,0.44556
211,005320,0.97793
212,001140,0.46207
213,002720,0.39348
214,083420,1.04572
215,014530,-0.01972
216,014280,0.68176
217,014285,
218,008870,0.44140
219,001570,1.91341
220,002990,0.42411
221,002995,
222,011780,0.88143
223,011785,
224,214330,0.55197
225,001210,0.10864
226,073240,0.75022
227,092440,0.24833
228,000270,0.95965
229,024110,0.44333
230,013700,0.28894
231,004540,0.56368
232,004545,
233,001260,0.48121
234,008350,0.87670
235,008355,
236,004270,0.65805
237,003920,0.21366
238,003925,
239,025860,0.34244
240,005720,0.42580
241,005725,
242,002350,0.56161
243,002355,
244,092790,0.75914
245,251270,1.17562
246,090350,0.44333
247,090355,
248,000320,0.40991
249,000325,
250,006280,0.54885
251,005250,0.75279
252,005257,
253,004370,0.04569
254,072710,0.21631
255,058730,0.61203
256,030210,0.62292
257,023590,0.87047
258,145210,0.89277
259,019680,0.29197
260,019685,
261,006370,0.30234
262,008060,0.35263
263,00806K,
264,353200,1.21327
265,35320K,
266,000490,1.19499
267,008110,-0.33391
268,005750,0.18280
269,006570,0.14496
270,001680,0.25902
271,001685,
272,084690,0.75204
273,084695,
274,128820,0.35278
275,117580,0.12130
276,016710,0.81491
277,003540,0.31224
278,003547,
279,003545,
280,009190,1.09199
281,014160,0.71431
282,047040,0.67659
283,009320,0.33876
284,003090,0.86367
285,069620,0.55383
286,000430,1.08474
287,006340,0.85872
288,006345,
289,003220,0.41441
290,024890,0.77471
291,002880,0.38093
292,000300,0.26237
293,012800,0.51515
294,015230,0.58556
295,001070,0.37817
296,006650,0.67536
297,001440,1.03150
298,084010,0.33101
299,001790,0.44677
300,001795,
301,001130,0.27352
302,003490,0.64269
303,003495,
304,005880,0.51730
305,003830,0.24074
306,016090,0.23979
307,069460,0.48859
308,192080,0.16194
309,012510,0.71833
310,004830,0.19027
311,004835,
312,024900,1.36978
313,145720,0.60859
314,002150,0.48283
315,460850,0.91102
316,460860,1.02218
317,001230,1.29499
318,023450,0.08994
319,004140,0.50262
320,007590,0.18417
321,005960,0.29049
322,005965,
323,026960,0.36930
324,002210,0.08786
325,102260,0.33413
326,000640,0.15320
327,170900,0.57996
328,028100,0.38413
329,282690,0.13512
330,001520,0.34534
331,001527,
332,084670,0.11720
333,082640,0.47492
334,001525,
335,008970,0.71504
336,092780,0.42412
337,049770,0.05659
338,018500,1.30664
339,006040,0.47685
340,030720,0.64324
341,014820,1.01137
342,014825,
343,111380,0.25683
344,163560,0.77775
345,004890,0.28002
346,002690,0.54196
347,000020,0.51951
348,000150,1.92389
349,000157,
350,454910,1.29554
351,241560,1.11723
352,034020,1.20635
353,000155,
354,336260,1.37586
355,33626K,
356,33626L,
357,016740,1.05892
358,192650,0.72563
359,024090,0.38263
360,003160,1.14079
361,092200,1.18513
362,377190,0.14369
363,013570,0.86542
364,210540,0.67169
365,115390,0.11110
366,032350,0.72019
367,089860,0.33878
368,330590,0.24997
369,000400,0.36110
370,023530,0.43106
371,020150,1.45392
372,280360,-0.11396
373,286940,0.24747
374,004000,0.65935
375,004990,0.52572
376,00499K,
377,005300,0.01340
378,005305,
379,011170,0.80069
380,071840,0.42466
381,027740,0.28797
382,357430,0.13393
383,001080,-0.13100
384,088980,0.07040
385,094800,0.12172
386,138040,0.65380
387,090370,0.33339
388,017180,0.41788
389,009900,1.17867
390,012690,0.07640
391,005360,0.30468
392,070960,0.40705
393,009680,0.24290
394,009580,0.32759
395,009200,0.56077
396,033920,0.26944
397,008420,0.58714
398,025560,1.52282
399,007120,0.64683
400,396690,0.34723
401,357250,0.13868
402,085620,-0.04613
403,006800,1.09509
404,00680K,
405,006805,
406,002840,0.10274
407,268280,0.15404
408,107590,0.05352
409,134380,0.15524
410,003650,0.06163
411,377740,0.76173
412,003610,0.30938
413,001340,0.06430
414,035150,0.43985
415,002410,0.87769
416,007210,0.56039
417,002760,0.48215
418,003850,0.58220
419,000890,0.24700
420,003000,0.45594
421,001270,0.31242
422,001275,
423,026940,0.80557
424,011390,0.39900
425,005030,0.00000
426,002070,0.46400
427,100220,0.42172
428,090460,0.76555
429,005180,-0.22154
430,003960,0.58227
431,008040,0.24370
432,007160,0.14979
433,014710,0.47975
434,006090,0.29615
435,001470,0.90445
436,028050,0.95763
437,448730,0.07095
438,006400,1.78486
439,006405,
440,006660,0.35217
441,028260,0.98509
442,02826K,
443,207940,0.57236
444,032830,0.67230
445,018260,0.57769
446,009150,1.11719
447,009155,
448,005930,0.98234
449,005935,
450,001360,0.41752
451,010140,0.89920
452,016360,0.82396
453,068290,0.32967
454,029780,0.31839
455,000810,0.80151
456,000815,
457,006110,1.13638
458,145990,0.34074
459,145995,
460,003230,0.19818
461,002170,0.19659
462,272550,0.21928
463,000070,0.30909
464,000075,
465,003720,0.96036
466,002810,0.27357
467,005680,0.39774
468,023000,0.64097
469,004380,1.01007
470,002450,0.24772
471,004440,0.35642
472,000520,0.38542
473,009770,0.15427
474,005500,0.37436
475,004690,0.63347
476,010960,0.35158
477,004450,0.19027
478,009470,1.34098
479,011230,1.21944
480,001820,0.89093
481,000390,0.28615
482,001290,0.23490
483,041650,0.74734
484,075180,0.27059
485,007540,0.31701
486,248170,0.42697
487,007860,1.48420
488,200880,1.77921
489,017390,0.58254
490,004410,0.22550
491,004415,
492,021050,0.35810
493,008490,0.32991
494,007610,0.00000
495,014910,0.82606
496,014915,
497,003080,0.11657
498,004980,0.43307
499,004985,
500,011300,0.33377
501,000180,0.40217
502,002420,-0.05408
503,004360,0.68729
504,004365,
505,004490,0.82566
506,001430,0.65249
507,306200,0.59557
508,003030,0.72670
509,019440,0.41486
510,058650,0.25019
511,013000,0.33643
512,091090,0.00000
513,021820,0.48250
514,067830,0.49215
515,075580,0.57143
516,068270,0.82971
517,336370,0.96413
518,33637K,
519,33637L,
520,248070,0.16349
521,004430,0.54135
522,126720,0.71708
523,017550,0.86999
524,053210,0.29825
525,204210,0.71190
526,026890,0.58049
527,134790,0.32319
528,462870,
529,016590,0.24758
530,029530,0.39035
531,004970,0.32435
532,011930,1.01098
533,005390,0.06800
534,004170,0.54435
535,035510,0.53512
536,034300,0.46247
537,031430,0.49302
538,031440,0.37875
539,006880,0.55443
540,005800,0.15816
541,001720,0.14699
542,009270,0.29207
543,002700,0.08544
544,002870,0.25838
545,019170,1.04269
546,019175,
547,481850,
548,404990,0.26218
549,293940,0.08659
550,055550,0.90031
551,004080,-0.03637
552,102280,0.00000
553,004770,0.39126
554,403550,0.35884
555,004920,0.53052
556,112610,1.49537
557,308170,0.53043
558,008700,0.70912
559,002790,0.37387
560,00279K,
561,002795,
562,090430,0.29073
563,090435,
564,002030,0.09014
565,183190,0.26561
566,002310,0.21026
567,012170,0.40770
568,267850,0.13993
569,020560,0.44932
570,122900,0.18114
571,010780,1.04766
572,139990,0.60553
573,001780,1.14681
574,018250,0.22331
575,161000,1.29713
576,011090,0.28886
577,137310,0.99824
578,118000,0.66296
579,005850,1.04671
580,010580,0.51410
581,012750,0.37011
582,033530,0.98586
583,023960,0.54985
584,298690,0.43883
585,140910,0.14683
586,078520,0.68055
587,015260,0.34372
588,007460,1.25493
589,003060,0.90474
590,244920,0.35809
591,278470,-0.26552
592,450080,2.01753
593,036570,0.73673
594,085310,0.36320
595,900140,0.51574
596,066970,2.04084
597,097520,0.57304
598,014440,0.47496
599,111770,0.44267
600,009970,0.45916
601,003520,0.50265
602,000670,0.80517
603,006740,0.41115
604,012280,0.19953
605,012160,0.33594
606,015360,0.08650
607,007310,0.18011
608,002630,0.41572
609,271560,0.58907
610,001800,0.10987
611,011690,0.92904
612,316140,0.52295
613,006980,0.13757
614,017370,0.83413
615,105840,0.96525
616,010400,0.22765
617,049800,0.54802
618,016880,0.78590
619,095720,0.51177
620,005820,0.15028
621,010600,0.99928
622,008600,0.34749
623,033270,0.52232
624,014830,0.37897
625,446070,0.48543
626,000910,0.57540
627,047400,0.72652
628,011330,0.63255
629,077500,1.28570
630,002920,0.28517
631,000700,0.23657
632,003470,0.53537
633,003475,
634,072130,0.57113
635,000220,0.51116
636,000225,
637,000227,
638,001200,0.70237
639,000100,0.59467
640,000105,
641,003460,0.20590
642,003465,
643,008730,0.96131
644,008250,0.40947
645,025820,0.89362
646,214320,0.05918
647,088260,0.02775
648,139480,0.59486
649,457190,1.70936
650,007660,1.62236
651,005950,1.37346
652,015020,0.29968
653,093230,0.00000
654,074610,1.16736
655,102460,0.75164
656,084680,0.48050
657,350520,0.04277
658,334890,0.08073
659,000760,0.38764
660,014990,0.40025
661,101140,0.00000
662,006490,0.48135
663,023800,0.49619
664,034590,0.13636
665,129260,0.39276
666,023810,0.81611
667,249420,0.51380
668,000230,0.52524
669,013360,0.86826
670,003120,0.30598
671,003200,0.51465
672,007110,0.37634
673,007570,0.47835
674,007575,
675,008500,-0.06318
676,081000,0.82807
677,020760,0.44404
678,103590,0.91696
679,271940,1.14618
680,015860,0.68128
681,226320,0.52212
682,317400,0.51891
683,033240,0.97111
684,000950,0.32856
685,348950,0.13848
686,194370,0.34037
687,025620,0.40016
688,030000,0.20960
689,271980,0.60221
690,001560,0.27026
691,002620,0.50171
692,006220,-0.00565
693,089590,0.32269
694,004910,0.39517
695,004700,0.22987
696,001550,0.36883
697,462520,1.13086
698,120030,0.40305
699,018470,1.14946
700,002600,0.11071
701,185750,1.00911
702,063160,0.68361
703,001630,0.43133
704,109070,0.00000
705,044380,0.46141
706,013890,0.64621
707,013870,0.53115
708,071320,0.46673
709,088790,0.37543
710,003780,0.30949
711,010640,0.27192
712,100250,0.19258
713,051630,0.48607
714,272450,0.26955
715,011000,0.77586
716,002780,0.45510
717,002787,
718,002785,
719,009310,0.38457
720,000650,-0.07880
721,012600,0.00000
722,033250,0.76583
723,035720,1.14421
724,323410,1.60992
725,377300,1.46655
726,006380,0.63285
727,001620,0.48398
728,029460,0.89833
729,281820,1.04219
730,381970,0.54675
731,145270,0.22589
732,417310,0.18870
733,357120,0.10171
734,007815,
735,007810,1.18505
736,00781K,
737,003690,-0.10750
738,192820,0.11940
739,044820,0.24430
740,005070,1.22637
741,005420,1.89446
742,071950,0.68953
743,002020,0.64370
744,138490,0.85219
745,003070,0.78464
746,003075,
747,450140,0.76764
748,45014K,
749,002025,
750,120110,0.79530
751,120115,
752,021240,0.41886
753,036420,0.64266
754,024720,0.39434
755,031820,0.71287
756,192400,0.41013
757,284740,0.43249
758,264900,0.26614
759,26490K,
760,005740,0.36019
761,005745,
762,259960,0.67203
763,020120,0.61833
764,039490,1.36252
765,014580,0.65355
766,015890,0.42228
767,006890,0.44847
768,003240,0.61915
769,011280,0.48947
770,004100,0.79368
771,004105,
772,009410,0.07312
773,009415,
774,001420,0.01633
775,055490,1.25940
776,078000,0.22895
777,214420,0.28754
778,019180,0.68137
779,363280,0.35556
780,36328K,
781,091810,0.35292
782,004870,0.28172
783,034230,0.40282
784,005690,0.71173
785,036580,0.50107
786,004720,0.47239
787,028670,0.81288
788,010820,0.28625
789,016800,0.12126
790,001020,0.55069
791,090080,0.56322
792,010770,0.49118
793,022100,1.74641
794,058430,1.65973
795,047050,1.88461
796,003670,2.43731
797,017810,0.21698
798,103140,0.63425
799,005810,0.60516
800,950210,0.64335
801,009810,0.25509
802,086790,0.98376
803,293480,0.27105
804,039130,0.56489
805,352820,0.60855
806,071090,1.03179
807,019490,-0.43062
808,000080,0.34755
809,000087,
810,000140,0.41735
811,000145,
812,152550,0.15786
813,036460,0.89280
814,005430,0.37634
815,071050,1.13307
816,071055,
817,010040,0.62025
818,025540,0.34711
819,010100,1.13465
820,004090,-0.49633
821,002200,0.44442
822,002960,0.06041
823,000240,0.45662
824,123890,0.13229
825,015760,0.49852
826,006200,0.60866
827,027970,0.20087
828,023350,0.60049
829,025890,0.49844
830,000970,0.31370
831,104700,0.25362
832,017960,0.66854
833,161890,0.14752
834,161390,0.62507
835,034830,0.26024
836,007280,0.18473
837,168490,0.02036
838,047810,0.45505
839,123690,0.51540
840,003350,0.46924
841,011500,1.45089
842,002390,0.52262
843,053690,0.77122
844,042700,0.98173
845,008930,0.73068
846,128940,0.67432
847,009240,0.39132
848,020000,0.52362
849,003680,1.00792
850,105630,0.29829
851,069640,0.33785
852,016450,0.44083
853,010420,0.41899
854,009180,0.38872
855,213500,0.26632
856,014680,1.03478
857,004710,0.76309
858,004150,0.31149
859,025750,0.35208
860,004960,0.48302
861,011700,1.22415
862,001750,0.34005
863,001755,
864,018880,0.82092
865,009420,0.86695
866,014130,0.78958
867,300720,0.37813
868,002220,0.42208
869,006390,0.32920
870,003300,0.26982
871,051600,0.42550
872,052690,0.92166
873,130660,0.56008
874,002320,0.70721
875,003480,0.27165
876,180640,1.28703
877,18064K,
878,005110,0.31049
879,009460,0.35848
880,372910,0.05256
881,000880,0.94968
882,00088K,
883,452260,0.69873
884,45226K,
885,451800,0.03925
886,088350,0.79538
887,000370,0.71296
888,009830,1.45932
889,009835,
890,272210,0.55044
891,012450,0.56894
892,082740,0.74662
893,042660,1.33739
894,000885,
895,003530,1.09786
896,003535,
897,195870,1.11769
898,101530,0.33135
899,143210,0.03346
900,000720,0.69033
901,000725,
902,453340,0.22515
903,086280,0.57135
904,064350,0.64093
905,079430,0.54772
906,012330,0.99750
907,069960,0.65447
908,004560,1.18909
909,004310,0.40222
910,017800,0.65544
911,307950,1.18365
912,011210,0.83382
913,004020,0.91682
914,005440,0.40531
915,005380,0.97153
916,005387,
917,005389,
918,005385,
919,001500,0.45763
920,011760,0.84415
921,227840,0.27599
922,126560,0.04464
923,001450,0.47871
924,057050,0.20120
925,093240,0.40576
926,003010,0.64660
927,111110,0.33895
928,008770,0.65667
929,008775,
930,378850,0.45768
931,241590,0.37214
932,006060,0.36919
933,013520,0.51360
934,010690,1.46000
935,133820,0.78641
936,010660,0.51921
937,000850,0.42798
938,016580,0.29485
939,032560,0.56258
940,004800,0.49191
941,094280,0.21349
942,298040,0.54776
943,298050,0.88479
944,298020,0.55136
945,298000,0.69227
946,093370,1.22700
947,081660,0.59115
948,005870,0.06245
949,079980,0.76522
950,005010,0.83086
951,000540,0.95511
952,000545,
953,003280,0.50704
954,060310,1.00825
955,054620,0.49120
956,265520,0.63291
957,211270,0.96322
958,109960,0.95852
959,139050,0.30275
960,126600,0.67457
961,013720,-0.09569
962,083790,0.75429
963,035760,0.38863
964,311690,0.76953
965,051500,0.28747
966,058820,0.65753
967,023460,-0.02965
968,056730,0.23512
969,065770,0.34184
970,083660,0.46250
971,456440,0.07834
972,477760,0.05960
973,060900,0.48483
974,290120,0.17908
975,025440,0.20666
976,068790,0.56392
977,241520,0.65661
978,180400,0.56898
979,245620,0.30760
980,037370,1.32681
981,050120,0.37918
982,214270,0.76706
983,130500,0.43380
984,900290,0.40505
985,083450,0.95726
986,297890,1.03660
987,440290,0.77987
988,078150,0.90368
989,195940,0.16097
990,028300,1.31975
991,278650,0.99425
992,067630,0.87232
993,024850,0.97564
994,047920,0.98056
995,115450,0.65333
996,046210,1.11717
997,403870,1.23556
998,036640,0.44692
999,439730,0.02145
1000,442770,0.05952
1001,448760,0.00053
1002,467930,-0.01792
1003,469480,0.04066
1004,095340,1.25419
1005,099520,0.00000
1006,950170,0.25759
1007,067290,0.73430
1008,035900,0.84437
1009,318000,0.99130
1010,024840,0.49759
1011,024120,0.58948
1012,455250,-0.03385
1013,458320,0.06663
1014,464680,-0.01941
1015,476470,0.09919
1016,478390,0.17742
1017,021320,0.27457
1018,036670,0.23160
1019,044180,0.44514
1020,046440,0.54795
1021,151860,0.89029
1022,035600,0.38529
1023,226360,0.00000
1024,111870,0.00000
1025,060720,0.69373
1026,058400,0.46251
1027,101000,0.36008
1028,122450,0.16324
1029,052900,0.57790
1030,376190,0.59059
1031,061970,0.72213
1032,309960,0.40232
1033,225190,0.10853
1034,060370,0.58996
1035,417200,1.21464
1036,078020,0.28917
1037,086960,1.30260
1038,038340,0.00000
1039,160550,1.00496
1040,053290,0.83276
1041,060250,0.48536
1042,104200,0.75983
1043,222160,0.75252
1044,024940,0.46056
1045,218410,0.74932
1046,327260,0.59343
1047,091340,0.48306
1048,419530,0.83961
1049,019550,0.71639
1050,950110,0.31639
1051,036120,-0.30283
1052,246960,0.27432
1053,099220,0.81529
1054,036540,0.92891
1055,255220,0.35082
1056,040610,0.44844
1057,049470,0.42512
1058,184230,0.41638
1059,016250,0.16414
1060,048550,0.83616
1061,063440,0.48220
1062,067160,0.71772
1063,289080,0.67708
1064,089230,0.40569
1065,032540,0.33012
1066,022220,0.31127
1067,048770,0.74783
1068,246690,0.62223
1069,317240,0.06655
1070,057030,0.71685
1071,040300,0.93160
1072,051390,0.11534
1073,052220,0.59669
1074,079940,0.64369
1075,078890,1.11409
1076,399720,1.33616
1077,036620,0.43772
1078,198440,0.43318
1079,217730,0.85005
1080,114190,1.28564
1081,094480,0.62959
1082,039240,0.24881
1083,053950,0.21135
1084,011040,0.18737
1085,024910,0.78357
1086,049720,-0.32259
1087,014570,0.35524
1088,348150,1.15016
1089,950190,0.11316
1090,098460,0.83837
1091,035290,0.97333
1092,900280,0.73359
1093,215000,0.15109
1094,121440,0.29486
1095,366030,0.80968
1096,014200,0.00000
1097,029480,1.20922
1098,026910,0.23847
1099,421800,-0.00238
1100,440790,0.03243
1101,456490,0.06062
1102,465320,0.07322
1103,053270,0.58011
1104,066620,0.35211
1105,043650,0.43652
1106,006050,0.32981
1107,060480,0.25324
1108,078130,0.00000
1109,307750,0.72371
1110,035080,0.76306
1111,453450,0.25511
1112,204020,0.27817
1113,402490,1.11390
1114,114450,0.69107
1115,186230,0.72090
1116,900070,0.43513
1117,204620,0.57528
1118,019660,0.37442
1119,053260,0.63423
1120,282720,1.17726
1121,036190,0.14415
1122,049080,0.76443
1123,420770,1.08263
1124,035460,0.56083
1125,308100,0.51301
1126,407400,0.82902
1127,187790,0.48256
1128,286750,0.83892
1129,121600,1.49767
1130,247660,0.51240
1131,039860,0.96259
1132,091970,0.28258
1133,417010,1.30560
1134,405920,0.90951
1135,051490,0.74705
1136,137080,0.94745
1137,190510,0.80809
1138,242040,1.14310
1139,089600,0.38091
1140,293580,0.36256
1141,138610,0.73038
1142,130580,0.20227
1143,036800,0.36353
1144,267320,0.68255
1145,111710,0.29817
1146,091590,0.53339
1147,168330,0.36525
1148,094860,0.64779
1149,253590,1.10607
1150,212560,0.78955
1151,095660,0.57396
1152,042420,0.66317
1153,950220,0.88522
1154,311390,0.47467
1155,085910,0.41114
1156,092730,0.22528
1157,290660,0.57122
1158,306620,0.87966
1159,153460,0.14425
1160,007390,0.54597
1161,033640,0.75414
1162,330860,0.95712
1163,089140,1.17952
1164,137940,1.24211
1165,396270,1.67281
1166,348210,0.85682
1167,225570,0.76447
1168,217270,0.76904
1169,104620,0.33543
1170,194700,0.23084
1171,285490,0.85692
1172,145170,0.76567
1173,106520,0.00000
1174,376930,0.79246
1175,142280,0.36932
1176,234690,0.56909
1177,065560,0.71594
1178,054050,0.26467
1179,069140,0.51570
1180,040160,0.47373
1181,332290,0.29845
1182,348340,1.13769
1183,060260,0.22384
1184,123840,0.55378
1185,012340,0.62413
1186,214870,0.00000
1187,270870,0.26698
1188,144960,0.33701
1189,085670,1.11791
1190,064260,0.96052
1191,340360,0.07493
1192,039560,0.78952
1193,154040,0.72509
1194,032190,0.58833
1195,323350,0.11478
1196,068240,0.25192
1197,020400,0.69016
1198,008830,1.03000
1199,048470,0.45931
1200,004780,0.18319
1201,017650,0.12919
1202,007720,0.18789
1203,389260,0.81568
1204,317850,0.81421
1205,290670,1.36361
1206,078140,0.78220
1207,065150,0.47711
1208,036480,0.46408
1209,027830,0.80659
1210,104040,0.40307
1211,129920,0.34524
1212,438220,0.01709
1213,442310,-0.00642
1214,457390,0.05808
1215,457630,0.04381
1216,471050,0.08799
1217,020180,0.39038
1218,045390,0.48604
1219,108380,0.38270
1220,007680,0.22420
1221,048910,0.55550
1222,005710,0.21605
1223,290380,0.00000
1224,120240,0.33217
1225,003310,0.34221
1226,078600,1.35659
1227,096350,0.63200
1228,140520,0.30016
1229,131220,0.28529
1230,010170,0.87035
1231,054670,0.26892
1232,023910,0.12021
1233,021040,0.15728
1234,021045,
1235,067080,0.76765
1236,298540,0.33330
1237,032860,0.00000
1238,393890,1.19356
1239,299170,0.28239
1240,224060,0.38976
1241,043090,0.79076
1242,213420,0.54643
1243,317330,1.10137
1244,077360,1.05023
1245,090410,0.66260
1246,263600,0.91908
1247,194480,0.67909
1248,263800,0.94831
1249,206560,1.00058
1250,261200,0.77384
1251,067990,0.30536
1252,006620,0.51438
1253,100130,0.73190
1254,005160,1.32920
1255,075970,0.75031
1256,086450,0.28035
1257,099410,0.50497
1258,033500,0.46459
1259,025950,0.64726
1260,088130,0.78806
1261,041930,0.66330
1262,060380,0.34360
1263,079960,0.72082
1264,228340,0.49556
1265,088910,0.20862
1266,094170,1.36351
1267,013120,0.07699
1268,109860,0.28527
1269,032960,0.36765
1270,023790,0.56202
1271,005290,0.97580
1272,025900,0.83881
1273,131970,0.85740
1274,073190,0.29783
1275,030350,0.37778
1276,203650,0.79053
1277,223250,0.86934
1278,060570,0.94296
1279,362990,0.30517
1280,217620,0.30233
1281,016670,0.58024
1282,187870,0.43270
1283,110990,1.56364
1284,263690,0.30714
1285,214680,1.19553
1286,347850,1.06472
1287,263720,1.07685
1288,376300,0.97410
1289,109740,0.41469
1290,196490,0.65523
1291,066900,0.52199
1292,127120,0.12011
1293,092070,0.89554
1294,039840,0.84283
1295,219550,0.59436
1296,310870,0.52122
1297,104460,0.47010
1298,079810,1.79375
1299,113810,0.72980
1300,043360,0.21689
1301,197140,0.82607
1302,068930,0.18541
1303,033130,0.47051
1304,105740,0.57297
1305,263020,0.43505
1306,290550,0.69863
1307,066670,1.03730
1308,187220,0.83457
1309,383930,1.01576
1310,131180,0.20959
1311,315640,1.73266
1312,223310,0.38756
1313,317120,0.68291
1314,462510,2.30074
1315,042510,0.74843
1316,232680,0.65109
1317,418420,0.94578
1318,300120,0.96031
1319,171120,0.47225
1320,388790,1.10533
1321,347700,0.71423
1322,214260,0.54913
1323,200350,0.95183
1324,171010,0.57837
1325,084650,0.97689
1326,217500,0.92114
1327,038390,0.23698
1328,294140,1.08959
1329,443250,0.96932
1330,228670,0.94389
1331,228850,0.31221
1332,412350,0.98459
1333,199550,0.87454
1334,281740,1.69872
1335,277810,1.34071
1336,215100,0.90741
1337,090360,0.94046
1338,108490,1.01425
1339,900260,0.24772
1340,067730,0.47777
1341,071280,0.51805
1342,328130,1.41891
1343,038060,0.41642
1344,060240,0.60112
1345,141080,0.86847
1346,058470,0.57927
1347,016100,0.38449
1348,012700,0.19906
1349,302550,0.40379
1350,073570,1.93708
1351,377450,0.29471
1352,277070,0.78339
1353,042500,0.53594
1354,193250,0.49591
1355,219420,1.00758
1356,439090,0.58797
1357,195500,0.31921
1358,377480,1.41627
1359,305090,0.58027
1360,098120,1.14894
1361,424980,1.17607
1362,038290,0.61317
1363,267980,-0.15694
1364,005990,0.03791
1365,093520,1.15115
1366,377030,1.25417
1367,100590,0.93851
1368,067280,0.25195
1369,072870,-0.01429
1370,215200,0.06228
1371,133750,0.67448
1372,446540,1.82435
1373,235980,0.76777
1374,041920,0.82733
1375,014100,0.42903
1376,054180,0.41789
1377,086900,0.96533
1378,078160,0.85244
1379,408920,0.28713
1380,021880,0.34916
1381,140410,1.08585
1382,241770,0.51961
1383,059210,1.17287
1384,058110,0.23586
1385,434480,1.28702
1386,080420,0.32443
1387,417970,0.89495
1388,080160,0.33671
1389,087260,0.91374
1390,101330,0.49098
1391,012860,0.87300
1392,363260,1.07350
1393,348030,0.62296
1394,250060,0.33213
1395,288980,1.09182
1396,142760,1.12201
1397,033200,0.23929
1398,333050,0.58139
1399,118990,0.91934
1400,006920,0.55864
1401,001810,0.20802
1402,279600,0.34305
1403,095500,1.67221
1404,254490,1.05057
1405,218150,0.16699
1406,442900,0.03831
1407,100790,0.66497
1408,412930,-0.04882
1409,446190,0.02269
1410,448830,-0.01821
1411,477380,-0.74792
1412,477470,0.13496
1413,478440,0.12191
1414,049950,1.02535
1415,207760,1.02052
1416,059090,1.26714
1417,214610,0.54183
1418,201490,0.62985
1419,452200,0.41149
1420,418470,1.46056
1421,206640,0.63671
1422,018700,0.70021
1423,035620,0.48947
1424,053030,0.91827
1425,301300,1.20014
1426,064550,0.99099
1427,314930,1.16094
1428,208710,0.49364
1429,086820,0.81621
1430,038460,0.74981
1431,251120,0.40265
1432,199730,0.84008
1433,086040,0.80886
1434,099430,0.60831
1435,032980,0.50626
1436,308080,0.58278
1437,043150,0.53616
1438,323990,1.11398
1439,267790,0.30712
1440,046310,0.55295
1441,331520,0.74422
1442,438700,1.05067
1443,066410,0.00000
1444,382900,0.69249
1445,206400,0.32960
1446,019010,0.11134
1447,177350,1.19983
1448,424760,0.44060
1449,225530,0.35437
1450,250000,0.55462
1451,310210,1.34597
1452,006910,0.74038
1453,226340,0.62899
1454,014470,0.59068
1455,008470,0.21204
1456,338220,1.87924
1457,100120,0.14211
1458,406820,0.68108
1459,337930,0.91871
1460,099390,0.77240
1461,064480,1.35967
1462,288330,0.91293
1463,365900,0.40278
1464,089970,0.78373
1465,251630,1.25416
1466,018290,0.86570
1467,439580,0.88862
1468,033560,0.27122
1469,369370,0.20660
1470,126340,0.87967
1471,121800,0.00000
1472,082800,0.29713
1473,318410,0.45336
1474,419540,0.90464
1475,146320,0.75211
1476,200780,0.23571
1477,413640,1.50040
1478,141000,0.40612
1479,083650,0.75779
1480,445360,0.03624
1481,473370,-0.01444
1482,065170,0.94515
1483,086670,0.30164
1484,335890,0.92415
1485,230980,0.56591
1486,138580,0.39969
1487,082920,0.38034
1488,054220,0.26320
1489,042370,0.32869
1490,050090,0.19288
1491,148780,0.78227
1492,307870,0.51299
1493,357880,1.17825
1494,032850,0.77505
1495,238200,0.80738
1496,093190,0.30323
1497,065450,-0.09655
1498,210120,0.53474
1499,044480,0.23912
1500,069540,1.12236
1501,072950,0.55992
1502,451250,0.80237
1503,143240,0.12406
1504,452430,0.67066
1505,419120,0.92332
1506,122350,0.71426
1507,419050,0.89335
1508,014970,0.21366
1509,018310,0.20057
1510,053700,0.69292
1511,009620,0.72737
1512,023600,0.18746
1513,425290,0.23262
1514,439250,0.04791
1515,448740,0.01547
1516,468510,0.11959
1517,009300,0.18856
1518,361670,0.53064
1519,054540,0.38387
1520,065570,0.27352
1521,032280,0.29817
1522,002290,0.34549
1523,037460,0.40414
1524,032750,0.51679
1525,054090,0.80904
1526,000250,1.63386
1527,024950,0.15219
1528,038500,0.25014
1529,437730,0.70057
1530,017480,0.21457
1531,046390,0.55548
1532,027580,0.06979
1533,038540,0.41789
1534,415580,0.04982
1535,452670,0.02546
1536,091580,1.06616
1537,263810,0.96747
1538,089980,0.74068
1539,042940,0.30860
1540,042600,1.78204
1541,107600,1.38531
1542,411080,1.19154
1543,252990,0.81204
1544,378800,0.94085
1545,294630,0.92445
1546,038070,0.65188
1547,006730,0.49537
1548,079650,0.20252
1549,100660,0.64319
1550,019770,0.67472
1551,043710,0.22342
1552,092190,0.45412
1553,046890,0.39557
1554,063170,0.69229
1555,027040,0.23269
1556,018680,0.21955
1557,093920,0.29775
1558,189860,0.68664
1559,178320,0.85736
1560,122690,0.62109
1561,140070,0.75753
1562,011370,0.24317
1563,065710,0.10217
1564,035890,0.23745
1565,357550,1.11997
1566,003100,0.38912
1567,067370,0.54807
1568,171090,1.41862
1569,086710,0.40351
1570,014620,0.43849
1571,037350,0.27906
1572,081580,0.51371
1573,045300,0.67813
1574,015750,0.95434
1575,365340,1.08988
1576,080470,0.41935
1577,043260,0.70571
1578,148150,1.02725
1579,188260,1.20131
1580,053060,0.57643
1581,340440,0.50446
1582,017510,0.61180
1583,011560,0.40805
1584,396300,1.02408
1585,100700,0.36792
1586,024830,0.29444
1587,258830,0.61847
1588,036630,0.25720
1589,039310,0.17594
1590,067770,0.31391
1591,053450,0.82185
1592,222810,0.60040
1593,252500,0.38148
1594,321370,1.02646
1595,347000,0.71975
1596,331920,0.68633
1597,049180,0.98717
1598,299660,1.04209
1599,268600,0.00000
1600,108860,1.11311
1601,208370,1.06996
1602,318160,0.56424
1603,068760,0.84274
1604,068940,0.00000
1605,060230,1.31378
1606,290690,0.85815
1607,950200,0.57044
1608,032680,0.91939
1609,032685,
1610,258790,0.50171
1611,066910,0.16114
1612,043100,0.26813
1613,035610,0.64370
1614,357780,0.62956
1615,036830,1.11721
1616,304100,1.50661
1617,328380,0.83390
1618,086980,0.73204
1619,050960,0.28843
1620,084180,0.23631
1621,253840,0.59369
1622,298830,1.26271
1623,236200,0.55677
1624,094840,0.80464
1625,192440,0.24803
1626,424960,1.48305
1627,136510,1.52393
1628,099440,0.99857
1629,033790,0.82017
1630,276040,1.11144
1631,159910,0.44264
1632,115570,0.27394
1633,330730,0.71172
1634,352090,1.03665
1635,253450,0.47541
1636,408900,0.62122
1637,204630,0.92601
1638,415380,0.47950
1639,013810,-0.00391
1640,203690,0.26687
1641,049830,0.16599
1642,020710,0.35179
1643,033170,1.18086
1644,048870,0.68503
1645,025320,0.77337
1646,269620,0.00000
1647,429270,0.80717
1648,418250,1.29966
1649,131090,0.26572
1650,232830,0.98861
1651,290520,0.92676
1652,001000,-0.00398
1653,025870,0.43506
1654,215600,0.48043
1655,065350,0.77875
1656,416180,1.60178
1657,162300,1.26509
1658,290560,0.91538
1659,002800,0.46125
1660,472220,-0.02996
1661,430220,-0.00922
1662,445970,-0.01330
1663,017000,0.72314
1664,012790,0.42585
1665,138070,0.34734
1666,226330,1.52321
1667,418210,0.09013
1668,452980,0.00180
1669,474660,0.16004
1670,474930,0.25510
1671,056700,0.52853
1672,187270,0.61647
1673,243840,0.88421
1674,257720,0.66248
1675,222800,0.53274
1676,036710,0.48575
1677,160980,0.47008
1678,356890,0.45426
1679,217330,0.07020
1680,010280,0.33615
1681,208640,0.35288
1682,222420,0.37540
1683,037760,0.22629
1684,099320,0.85215
1685,049960,0.20478
1686,088280,1.44679
1687,050890,0.63781
1688,109670,0.70293
1689,066790,0.78731
1690,222080,1.15102
1691,352480,0.14913
1692,264660,0.33979
1693,352700,0.29574
1694,458870,1.64300
1695,297090,1.00823
1696,900120,0.54417
1697,359090,0.00287
1698,115530,0.34045
1699,115480,0.42848
1700,340810,1.20740
1701,376290,0.34489
1702,189330,1.06746
1703,096530,0.46120
1704,101240,0.66781
1705,060590,0.63392
1706,260930,0.45419
1707,052300,0.66472
1708,413630,-0.06454
1709,013990,0.62670
1710,123860,0.08206
1711,025980,0.52159
1712,125210,1.10777
1713,357580,0.85188
1714,052710,0.45416
1715,074430,0.53709
1716,092040,0.75616
1717,083930,1.03905
1718,149950,0.47223
1719,036010,0.94393
1720,050860,0.35435
1721,136410,0.78580
1722,246720,0.58841
1723,067390,0.99972
1724,159010,0.83462
1725,127710,0.30115
1726,154030,0.36974
1727,227610,0.59444
1728,143160,0.71886
1729,054800,0.17794
1730,332370,0.25751
1731,339950,0.67661
1732,099190,1.08371
1733,289010,0.55098
1734,214430,1.21249
1735,040910,0.72092
1736,368600,0.73601
1737,456010,1.16141
1738,052860,0.57417
1739,069920,-0.10017
1740,038880,0.69444
1741,307180,0.55499
1742,101390,0.15425
1743,461030,0.63928
1744,451220,1.39874
1745,078860,0.16912
1746,090150,0.79389
1747,123010,0.26258
1748,031310,0.47119
1749,185490,0.76269
1750,059100,0.64210
1751,262840,0.45519
1752,175250,0.57092
1753,052460,0.72459
1754,119830,0.55465
1755,052770,0.19385
1756,124500,0.31488
1757,372800,0.60693
1758,084850,0.56651
1759,114840,0.22393
1760,027360,0.38866
1761,032080,0.50389
1762,013310,1.06706
1763,059120,0.90189
1764,158430,0.49317
1765,321820,0.70402
1766,001540,0.52683
1767,053800,0.14040
1768,065660,0.61831
1769,297570,0.41634
1770,260660,0.37486
1771,354320,1.64392
1772,361570,0.98334
1773,131370,0.65820
1774,140670,1.24188
1775,096610,0.70038
1776,061040,0.26921
1777,148250,0.16706
1778,347860,1.30668
1779,196170,0.93422
1780,123750,0.48959
1781,085810,0.39093
1782,117670,0.00000
1783,314140,0.64778
1784,291650,0.91201
1785,293780,0.95600
1786,196300,0.57141
1787,310200,0.63817
1788,299910,0.00000
1789,179530,0.44050
1790,900100,0.31966
1791,205500,0.22648
1792,052790,0.63262
1793,290740,0.34582
1794,238090,0.63132
1795,092600,0.59981
1796,129890,0.23407
1797,174900,0.98178
1798,255440,0.75796
1799,030960,-0.43988
1800,102120,0.99829
1801,263540,0.00000
1802,238120,0.55935
1803,019990,0.98722
1804,270660,1.11131
1805,038680,0.68920
1806,217480,0.00000
1807,121890,-0.41213
1808,304360,1.05016
1809,389500,1.32406
1810,042110,0.23200
1811,298060,0.67970
1812,065420,0.43611
1813,103230,0.58685
1814,260970,0.49207
1815,101490,0.99784
1816,095910,0.60095
1817,275630,0.18693
1818,031330,0.43919
1819,060540,0.55969
1820,351320,0.73458
1821,056190,0.39582
1822,080000,0.99588
1823,214310,0.00000
1824,246250,0.44527
1825,041510,0.82007
1826,007820,0.58770
1827,464080,1.83265
1828,109610,0.70359
1829,365330,0.59638
1830,031860,-0.00475
1831,306040,0.34584
1832,457940,0.07781
1833,472230,0.02499
1834,473000,0.04731
1835,435870,0.02407
1836,455910,0.05633
1837,096630,0.93870
1838,069510,0.20045
1839,234300,0.74191
1840,039440,1.09567
1841,098660,0.30055
1842,052020,1.31246
1843,237690,0.80530
1844,050760,0.13116
1845,288620,0.79997
1846,443670,0.35876
1847,317830,1.54730
1848,058610,1.22894
1849,043340,0.25649
1850,187660,0.40232
1851,054630,0.50208
1852,200710,0.97707
1853,096690,0.40135
1854,298380,0.81827
1855,203400,0.50006
1856,195990,0.44715
1857,003800,0.13344
1858,088800,0.73241
1859,241840,0.74355
1860,453860,1.06462
1861,312610,0.40195
1862,172670,0.93701
1863,445090,2.21204
1864,295310,
1865,072990,0.15919
1866,239610,0.37654
1867,462020,0.16840
1868,477340,0.06019
1869,148930,1.00927
1870,044780,0.23700
1871,357230,0.56036
1872,355690,0.92244
1873,071670,0.73326
1874,045660,0.28129
1875,224110,0.52585
1876,021080,0.59934
1877,089530,0.00000
1878,200470,1.15047
1879,262260,1.18459
1880,397030,1.07165
1881,230240,0.73521
1882,230360,0.49151
1883,038870,0.68852
1884,097780,0.39532
1885,448280,1.17815
1886,101360,1.69277
1887,128540,0.75835
1888,086520,2.21907
1889,247540,2.36096
1890,383310,1.81746
1891,038110,0.80682
1892,073540,0.57543
1893,064850,0.30009
1894,036810,0.99079
1895,173940,0.31725
1896,083500,0.79664
1897,054940,0.17917
1898,950130,0.33938
1899,373110,
1900,205100,0.82422
1901,356680,1.10203
1902,070300,0.20994
1903,317770,0.84973
1904,373200,0.66376
1905,092870,0.77809
1906,317870,0.72679
1907,067570,0.57620
1908,236810,1.14208
1909,333620,0.88447
1910,101400,0.29849
1911,422040,-0.01482
1912,437780,-0.00666
1913,438580,0.00636
1914,439410,-0.01719
1915,440820,-0.00041
1916,451700,-0.00204
1917,466910,0.05804
1918,265740,0.31039
1919,354200,0.94803
1920,455900,1.68602
1921,419080,1.13330
1922,208860,0.00000
1923,183490,0.67061
1924,182400,0.96998
1925,348370,0.95666
1926,069410,0.96355
1927,227950,1.08020
1928,291230,1.19757
1929,198080,0.17582
1930,048830,0.31705
1931,096870,0.52612
1932,290650,0.89108
1933,156100,1.02424
1934,073110,0.63794
1935,083310,0.97888
1936,037950,-0.51060
1937,170920,0.94233
1938,058630,0.65030
1939,058970,1.46279
1940,019590,0.18291
1941,169330,0.16457
1942,373170,0.94090
1943,179290,0.74428
1944,009780,0.36898
1945,123040,0.60955
1946,323230,0.65484
1947,032790,0.66705
1948,033160,0.87722
1949,347890,0.44590
1950,033310,0.48716
1951,259630,1.22468
1952,105550,0.47025
1953,060850,0.30307
1954,143540,0.55150
1955,036560,0.45627
1956,265560,0.46153
1957,036000,0.18105
1958,250930,0.55913
1959,053280,0.36140
1960,122640,0.80679
1961,900300,0.53603
1962,045060,0.31743
1963,080520,0.51688
1964,039830,0.26218
1965,322310,1.24153
1966,046120,0.58435
1967,014940,0.68233
1968,065500,0.63775
1969,010470,0.40389
1970,417860,1.35352
1971,352910,0.81733
1972,053980,0.58822
1973,036220,0.27082
1974,052420,0.64732
1975,039200,0.77823
1976,226400,0.80792
1977,031510,0.17710
1978,368970,0.66957
1979,138080,0.59967
1980,080580,1.22154
1981,067170,0.15342
1982,353590,0.69752
1983,173130,0.54046
1984,440320,1.32568
1985,049480,0.76527
1986,394280,1.56015
1987,309930,0.50554
1988,244460,1.30247
1989,226950,0.99292
1990,057540,0.61578
1991,131030,0.84098
1992,082210,0.92381
1993,109080,0.35706
1994,380540,0.69691
1995,153710,0.21890
1996,432430,0.94813
1997,338840,1.16987
1998,122990,0.41213
1999,232140,1.32880
2000,112290,1.00435
2001,065530,0.59417
2002,067900,0.60845
2003,007530,0.16066
2004,155650,0.64201
2005,273640,1.03861
2006,251370,0.38619
2007,066430,0.63116
2008,273060,0.85024
2009,019210,0.43221
2010,122870,0.90706
2011,332570,1.00798
2012,079000,0.12604
2013,403490,0.65497
2014,032820,0.67596
2015,041190,0.86179
2016,115440,0.34218
2017,046970,0.78952
2018,082850,0.80982
2019,215360,0.68571
2020,072470,0.61494
2021,073560,0.30956
2022,037400,0.54156
2023,153490,0.60118
2024,101170,1.05019
2025,066590,0.72259
2026,103840,1.02656
2027,046940,0.50133
2028,215380,0.35951
2029,065680,0.56404
2030,018620,0.21105
2031,457550,2.14287
2032,396470,0.40191
2033,307280,0.54358
2034,032940,0.56763
2035,240810,0.59234
2036,074600,0.76086
2037,104830,0.47958
2038,014190,0.65162
2039,217820,0.75040
2040,030530,0.66998
2041,012620,0.18053
2042,382840,1.27774
2043,336570,0.91355
2044,376980,0.71530
2045,008370,0.15507
2046,008290,0.32603
2047,101160,0.74367
2048,064090,0.14863
2049,336060,0.90352
2050,095270,0.34183
2051,065950,0.37374
2052,076080,1.05112
2053,043590,0.37223
2054,196700,0.42997
2055,069080,0.36638
2056,053580,0.25575
2057,071460,0.05725
2058,377460,0.92185
2059,044340,0.20547
2060,330350,0.42060
2061,348350,0.87171
2062,112040,0.65813
2063,101730,0.63988
2064,123420,0.64708
2065,065370,0.94933
2066,038620,0.35169
2067,299900,1.14684
2068,036090,0.83246
2069,136540,0.20988
2070,320000,0.91548
2071,097800,0.82241
2072,192390,0.36403
2073,335870,0.37461
2074,900340,0.43325
2075,036200,0.78812
2076,018000,1.08565
2077,203450,0.40635
2078,011320,0.53517
2079,086390,0.75681
2080,241690,0.72617
2081,142210,0.90964
2082,048430,0.77538
2083,206650,0.45568
2084,089850,0.58629
2085,084440,0.81901
2086,032620,0.71469
2087,264450,0.25859
2088,078070,0.07286
2089,024800,0.26469
2090,054930,0.81200
2091,069330,0.50712
2092,049520,0.88504
2093,435380,0.03410
2094,444920,-0.00362
2095,446150,0.03775
2096,449020,0.00456
2097,450940,-0.02988
2098,473050,0.01205
2099,474490,-0.04666
2100,430700,0.03473
2101,263770,0.53729
2102,388720,0.96460
2103,340930,1.27640
2104,023410,0.29210
2105,056080,0.93029
2106,468760,-0.05823
2107,442130,0.01210
2108,084370,0.50599
2109,240600,1.45592
2110,221800,0.86778
2111,179900,0.96590
2112,263050,0.59609
2113,191410,0.63387
2114,372170,1.81308
2115,146060,1.32588
2116,072770,0.43559
2117,039020,0.31396
2118,067920,0.54998
2119,044960,0.32167
2120,303530,1.10710
2121,296640,0.73963
2122,302430,1.07038
2123,462350,
2124,274400,1.46453
2125,056090,0.05076
2126,073490,0.45962
2127,215790,0.46174
2128,344860,0.49031
2129,088390,1.59898
2130,272290,0.97208
2131,053350,0.30911
2132,452400,0.94176
2133,264850,0.76682
2134,054210,0.95830
2135,009730,-0.29558
2136,164060,1.06136
2137,065440,0.58559
2138,115610,0.92554
2139,478110,
2140,131400,1.47913
2141,351330,0.93144
2142,080010,0.10762
2143,086890,0.89153
2144,047560,1.42469
2145,900110,0.24442
2146,239340,0.99056
2147,067010,0.40438
2148,418620,1.26473
2149,102710,0.71311
2150,041520,0.78017
2151,063760,0.48376
2152,123570,0.76481
2153,083470,0.77899
2154,095190,0.19424
2155,091120,0.76274
2156,039030,0.92600
2157,294090,-0.11411
2158,088290,0.53418
2159,353810,0.41400
2160,099750,0.59816
2161,377330,0.68583
2162,035810,0.33366
2163,160600,0.00000
2164,092130,0.07787
2165,096040,0.00000
2166,134060,0.15355
2167,001840,0.71692
2168,024810,0.00000
2169,041830,0.44275
2170,352940,0.39931
2171,079950,0.43323
2172,389470,1.63052
2173,277410,0.31263
2174,060150,0.44988
2175,033230,1.07500
2176,450520,1.78671
2177,037330,0.40275
2178,100030,0.34171
2179,211050,0.21064
2180,083640,0.48231
2181,216050,0.49170
2182,049070,0.95314
2183,119610,0.37278
2184,017250,0.34568
2185,051370,0.67755
2186,064290,1.04184
2187,189300,0.90783
2188,150840,0.00000
2189,048530,0.60720
2190,115310,0.30167
2191,039290,1.02555
2192,071200,0.70322
2193,101930,0.44461
2194,333430,0.47595
2195,068330,0.52952
2196,178780,0.00000
2197,019540,0.62799
2198,094820,0.66960
2199,950140,0.46597
2200,049550,0.20186
2201,389020,1.40152
2202,254120,1.52617
2203,043910,0.49280
2204,234920,1.33157
2205,289220,1.00732
2206,174880,0.00000
2207,049630,0.36352
2208,417840,0.77300
2209,110020,-0.03976
2210,208140,0.39078
2211,040420,0.02063
2212,045510,0.35586
2213,217190,0.68755
2214,095700,0.71441
2215,072520,0.82493
2216,122310,0.44734
2217,361390,0.54608
2218,187420,0.75358
2219,225220,0.43947
2220,123330,0.18687
2221,159580,0.72924
2222,147830,0.70507
2223,033100,0.93537
2224,079370,1.19983
2225,054950,0.61234
2226,023440,0.80438
2227,090470,0.83366
2228,287410,0.51358
2229,137950,0.41858
2230,033320,0.65433
2231,417500,1.10505
2232,204270,0.82365
2233,026040,0.36138
2234,452160,1.22752
2235,126880,0.68922
2236,322510,1.45843
2237,033050,0.35141
2238,094970,0.75014
2239,418550,1.55526
2240,420570,0.26357
2241,089790,1.05592
2242,052670,0.00000
2243,412540,0.48497
2244,199820,0.75355
2245,038010,0.64216
2246,276730,0.54410
2247,080220,1.14095
2248,216080,0.78408
2249,229000,0.77643
2250,082270,0.30721
2251,044060,0.00000
2252,034940,0.38323
2253,067000,0.97370
2254,033340,0.00000
2255,036930,1.18335
2256,072020,0.34283
2257,000440,-0.23637
2258,051980,1.25931
2259,228760,1.31363
2260,314130,0.97373
2261,389030,1.18961
2262,043610,0.59272
2263,263860,0.74242
2264,303030,0.52885
2265,036180,0.35874
2266,208350,0.44802
2267,144510,0.80009
2268,358570,1.25253
2269,382480,1.04185
2270,382800,0.62705
2271,051160,0.35240
2272,053050,-0.27176
2273,119850,0.59530
2274,065060,0.10133
2275,204840,0.32368
2276,270520,1.26557
2277,311320,0.91837
2278,388050,0.88301
2279,018120,0.05594
2280,109820,0.53133
2281,086060,0.40518
2282,036890,0.72180
2283,363250,0.81324
2284,007370,0.27164
2285,285800,0.90358
2286,085660,0.78359
2287,261780,0.90407
2288,094850,0.38216
2289,004650,0.22958
2290,278280,1.38207
2291,362320,0.72549
2292,066360,0.40987
2293,047820,0.00000
2294,094360,1.26177
2295,016920,0.39550
2296,284620,0.56227
2297,293490,0.65211
2298,140430,0.97357
2299,042000,1.00820
2300,313760,0.86859
2301,317530,0.53662
2302,071850,0.52028
2303,050110,0.48297
2304,452300,2.08868
2305,119860,0.43463
2306,451760,1.64716
2307,900310,0.28778
2308,078340,0.52884
2309,063080,0.90185
2310,307930,1.34977
2311,079190,0.38629
2312,263700,0.91422
2313,214370,1.15270
2314,221980,0.23217
2315,038530,0.31587
2316,424140,0.01696
2317,192250,0.62521
2318,115500,0.79207
2319,089150,0.55800
2320,025880,0.33327
2321,093320,0.58432
2322,093640,0.21256
2323,073010,0.29569
2324,105330,0.70963
2325,053080,1.01102
2326,199430,1.03189
2327,432470,0.74468
2328,272110,0.85177
2329,039420,0.30647
2330,083550,0.28961
2331,032500,0.88304
2332,225430,0.46575
2333,102370,0.75671
2334,068100,1.05517
2335,036030,0.43582
2336,064820,0.29959
2337,256940,0.70717
2338,024880,0.51846
2339,042040,0.43910
2340,054410,0.23176
2341,258610,0.59427
2342,274090,0.54050
2343,089010,1.20208
2344,220260,1.18573
2345,052400,0.50413
2346,402030,1.39127
2347,391710,1.15885
2348,046070,0.60660
2349,047770,0.26811
2350,080530,0.31016
2351,104540,0.44409
2352,027050,0.53866
2353,190650,0.30019
2354,123410,0.67632
2355,036690,0.64430
2356,049430,0.25071
2357,183300,0.63611
2358,041960,0.24238
2359,089890,1.00504
2360,360350,1.62522
2361,082660,0.51876
2362,222040,0.57478
2363,241710,0.11877
2364,355150,0.86730
2365,166480,0.77180
2366,045970,1.22068
2367,196450,0.57449
2368,384470,1.90215
2369,029960,0.08319
2370,102940,0.54460
2371,950160,0.66667
2372,033290,0.32315
2373,056360,0.44003
2374,282880,1.24482
2375,121850,0.87539
2376,448710,0.63520
2377,126730,1.40545
2378,015710,0.72289
2379,052330,0.44334
2380,322780,0.56419
2381,200130,0.34746
2382,294570,0.52777
2383,317690,0.73022
2384,078940,-0.09500
2385,227100,0.91464
2386,432720,1.67934
2387,365270,0.93240
2388,348080,0.70109
2389,060280,1.39261
2390,372320,0.77064
2391,051780,0.09501
2392,115180,0.65393
2393,445680,1.78975
2394,182360,0.92717
2395,405100,1.03872
2396,066310,0.50666
2397,016600,0.37597
2398,355390,2.21681
2399,096240,0.24487
2400,040350,0.25432
2401,110790,0.24861
2402,900250,0.77995
2403,045520,0.21796
2404,036170,0.68261
2405,214150,0.56773
2406,352770,0.92652
2407,237880,0.17931
2408,139670,1.02645
2409,413600,0.01071
2410,433530,0.03589
2411,446840,-0.00940
2412,054780,0.64647
2413,219130,1.07155
2414,360070,1.05359
2415,065130,0.53217
2416,134580,0.45461
2417,023160,0.46878
2418,323280,1.28189
2419,053620,0.20431
2420,044490,0.97266
2421,124560,0.46503
2422,191420,0.82794
2423,073640,1.59971
2424,066700,0.61563
2425,095610,0.32794
2426,064520,0.11290
2427,089030,0.58200
2428,054450,1.27184
2429,200230,0.43512
2430,393210,1.35772
2431,215480,0.36751
2432,051360,0.69256
2433,045340,0.27551
2434,108230,0.80462
2435,079970,0.60065
2436,199800,0.87225
2437,417790,0.81811
2438,290090,0.78653
2439,026150,0.50547
2440,322180,1.26744
2441,117730,1.35919
2442,033830,0.32684
2443,057680,0.11393
2444,204610,0.67346
2445,064760,0.46028
2446,246710,0.70737
2447,340570,0.55950
2448,043220,0.30322
2449,277880,1.18920
2450,131290,1.18238
2451,425420,1.06981
2452,131100,0.29399
2453,356860,0.98805
2454,062860,0.00000
2455,321550,0.90538
2456,425040,1.21403
2457,241790,0.84901
2458,104480,0.66988
2459,081150,0.48792
2460,130740,0.81452
2461,084730,0.84896
2462,440110,0.66991
2463,033540,0.30769
2464,388870,2.20489
2465,043200,0.13688
2466,214450,0.64757
2467,208340,0.33173
2468,177830,0.58529
2469,037070,0.26077
2470,150900,0.59512
2471,037030,0.63899
2472,047310,0.85008
2473,368770,0.81414
2474,170790,0.65991
2475,049120,0.21976
2476,038950,0.43089
2477,441270,0.74121
2478,106240,0.61394
2479,131760,0.34002
2480,065690,0.32772
2481,140860,0.50280
2482,091700,0.18639
2483,032800,0.61371
2484,318010,0.22137
2485,027710,0.25590
2486,225590,0.43347
2487,054300,0.18575
2488,068050,0.62460
2489,222110,0.39820
2490,271830,0.92230
2491,263750,0.45697
2492,251970,0.21279
2493,168360,1.37254
2494,087010,1.10866
2495,064800,0.45740
2496,119500,0.41367
2497,389140,1.56161
2498,105760,0.85593
2499,009520,1.65979
2500,189690,1.09346
2501,318020,0.01940
2502,256630,0.32683
2503,331380,0.67161
2504,472850,0.55637
2505,039980,0.92681
2506,041910,0.74602
2507,234100,0.84717
2508,041020,1.55610
2509,114630,0.51614
2510,290720,0.27298
2511,005670,0.34225
2512,094940,0.94709
2513,057880,0.00000
2514,007330,-0.15922
2515,093380,0.36845
2516,023900,0.65047
2517,371950,0.92703
2518,370090,1.18401
2519,445180,1.29127
2520,151910,0.35122
2521,220100,0.96652
2522,035200,0.36233
2523,334970,0.45828
2524,321260,1.03437
2525,053610,1.11196
2526,303360,0.44876
2527,377220,0.48490
2528,335810,0.49288
2529,053160,0.28832
2530,405000,0.91175
2531,041590,-0.20441
2532,367000,0.63665
2533,075130,0.40573
2534,237820,0.97441
2535,023770,0.27418
2536,019570,0.52597
2537,300080,
2538,032580,
2539,051380,
2540,241820,0.68027
2541,237750,0.63237
2542,319660,0.63763
2543,031980,1.21999
2544,002230,0.23684
2545,043370,0.52123
2546,239890,0.56547
2547,347740,0.73834
2548,137400,1.32296
2549,257370,0.00000
2550,147760,0.32599
2551,128660,0.49808
2552,006140,0.47053
2553,376180,0.99865
2554,304840,1.00518
2555,062970,0.49010
2556,087600,0.86057
2557,291810,0.96492
2558,378340,1.58228
2559,161580,0.73811
2560,347770,0.98407
2561,163730,0.65853
2562,417180,1.15468
2563,446750,0.02170
2564,448370,0.02205
2565,454750,0.01494
2566,454640,0.01246
2567,469880,0.07237
2568,469900,0.04356
2569,475240,0.00179
2570,475250,0.07745
2571,406760,0.03854
2572,418170,0.06430
2573,430230,0.01061
2574,435620,0.00424
2575,299030,1.54126
2576,067310,1.19078
2577,166090,0.57773
2578,136480,0.31136
2579,003380,0.34919
2580,450330,
2581,101670,2.14487
2582,365590,0.87192
2583,149980,1.34531
2584,013030,0.49176
2585,126700,0.57733
2586,106080,0.43139
2587,400840,0.03101
2588,450050,0.03453
2589,160190,
2590,221840,0.28743
2591,106190,0.32287
2592,065650,0.70850
2593,066130,0.44786
2594,004590,0.23304
2595,039340,0.41010
2596,034950,0.01654
2597,222980,0.44692
2598,256840,1.08140
2599,219750,0.00000
2600,025550,0.38990
2601,017890,0.69549
2602,080720,0.27488
2603,063570,0.63009
2604,041460,0.76406
2605,101680,0.47857
2606,039740,0.60404
2607,053300,0.72334
2608,025770,0.53127
2609,436610,0.00921
2610,458610,0.01585
2611,464440,-0.01509
2612,477530,0.09309
2613,479880,
2614,023760,0.26686
2615,054040,0.56346
2616,021650,0.41317
2617,053590,0.00000
2618,032300,0.70733
2619,037230,0.31112
2620,030520,0.95106
2621,052600,0.44203
2622,256150,0.35556
2623,092460,0.38986
2624,452190,1.11174
2625,047080,0.59897
2626,452280,0.91454
2627,066980,0.46227
2628,114810,0.68656
2629,070590,0.23579
2630,226440,0.00000
2631,042520,1.02743
2632,430690,0.80491
2633,078350,0.71024
2634,045100,0.08900
2635,091440,0.75760
2636,024740,-0.01124
2637,005860,0.16256
2638,007770,0.71270
2639,198940,0.66169
2640,058450,0.83410
2641,107640,0.10860
2642,079170,0.75480
2643,054920,0.92712
2644,002680,0.40714
2645,430460,0.06612
2646,455310,0.01004
2647,034810,0.35556
2648,03481K,
2649,059270,0.65161
2650,076610,0.50820
2651,220180,0.60628
2652,900270,0.52888
2653,214180,0.31506
2654,234340,0.56111
2655,084990,0.60083
2656,170030,0.80545
2657,319400,0.95868
2658,048410,0.47067
2659,052260,0.28288
2660,016790,0.42633
2661,041440,0.64121
2662,039010,0.52417
2663,090850,0.31135
2664,460930,0.45510
2665,092300,0.82501
2666,138360,0.44593
2667,011080,0.18648
2668,060560,0.44519
2669,064240,0.47826
2670,039610,0.39331
2671,126640,0.32843
2672,127980,0.93225
2673,061250,0.59386
2674,097870,0.40237
2675,290270,0.48899
2676,353190,0.33777
2677,192410,0.24405
2678,090710,0.69366
2679,078590,1.01704
2680,205470,1.13697
2681,115160,0.77394
2682,028080,1.00832
2683,175140,0.18513
2684,200670,0.67961
2685,065510,0.86457
2686,215090,0.00000
2687,263920,0.32937
2688,243070,0.16605
2689,084110,0.44164
2690,145020,0.43587
2691,024060,-0.24123
2692,010240,0.35645
2693,189980,0.42538
2694,037440,0.45468
2695,238490,0.52392
