,종목 코드,일별 수익률 표준편차
0,095570,0.017551181858068775
1,006840,0.014387450967625144
2,027410,0.0213522352429032
3,282330,0.01833478014085048
4,138930,0.013072099136807609
5,001460,0.019565622042459544
6,001465,0.006309089916855138
7,001040,0.02868864253952604
8,079160,0.01605919804886671
9,00104K,0.022721934413439827
10,000120,0.02571519406702898
11,011150,0.010709198208807195
12,011155,0.0452979205670221
13,001045,0.012524006212777251
14,097950,0.013739004053885706
15,097955,0.009796556240004119
16,000480,0.01627097484821793
17,000590,0.013362330630281645
18,012030,0.015910784532808957
19,016610,0.014196794462736705
20,005830,0.024919935105044685
21,000990,0.0165458174386882
22,139130,0.016968104700745248
23,001530,0.025364454990395666
24,000210,0.021367517656715063
25,000215,0.016664499929048022
26,375500,0.022680250716178692
27,37550L,0.01655057157193631
28,37550K,0.011884696825270435
29,007340,0.022719610809573132
30,004840,0.03928277902593833
31,155660,0.008013986859065106
32,069730,0.007495372225575558
33,017860,0.06165581340630934
34,017940,0.023821976006445165
35,365550,0.010479138006944196
36,383220,0.020773831861882548
37,007700,0.04273457213534299
38,114090,0.015241190129534038
39,078930,0.024788895060247937
40,006360,0.019267230789035132
41,001250,0.02341334458086798
42,007070,0.014156071231720095
43,078935,0.011347485320294665
44,012630,0.02250734649742732
45,039570,0.010318304782907147
46,089470,0.014873635851427307
47,294870,0.02383844640285287
48,009540,0.02434259158211942
49,267250,0.019906330292329043
50,267270,0.029651983370329163
51,443060,
52,010620,0.020349316629420428
53,322000,0.0323748003100968
54,042670,0.02788761172858632
55,267260,0.030749325121809615
56,329180,0.021454139594631712
57,097230,0.02131097770209513
58,014790,0.010798149157842876
59,003580,0.045174987835781215
60,204320,0.02597497361212489
61,060980,0.013661929408911783
62,011200,0.04243542262385253
63,035000,0.007892352073676548
64,002460,0.008746260564833085
65,003560,0.08681277288916463
66,175330,0.019991176182252372
67,234080,0.010286977967091455
68,001060,0.03136349623271497
69,001067,0.006402415920438097
70,001065,0.01070505354655749
71,096760,0.018254906480699107
72,105560,0.025154887915585324
73,432320,0.011287331983446888
74,002380,0.02496085937263565
75,344820,0.012480371859711735
76,009070,0.029214430021511768
77,009440,0.027812195546389397
78,119650,0.022898896468930115
79,092220,0.03140580955629244
80,003620,0.015853968135149377
81,016380,0.016084749930709248
82,001390,0.02464565209425833
83,033180,0.1041511287846592
84,015590,0.08679038691311068
85,001940,0.028347786337730316
86,025000,0.008186143901357173
87,092230,0.012031789420106796
88,000040,0.061593433396864586
89,044450,0.01894000269492418
90,030200,0.019088035528885237
91,033780,0.013687933722093796
92,058850,0.03299336477961023
93,058860,0.017589612869559665
94,093050,0.011952382494891348
95,003550,0.026629021796833376
96,034220,0.027442649507647705
97,051900,0.021182880684700228
98,051905,0.021029310269222924
99,373220,0.017595367667458884
100,003555,0.016252800659887056
101,032640,0.00944620374489084
102,011070,0.0221109742479725
103,066570,0.014026825765649242
104,066575,0.011771775283316153
105,037560,0.03764616395533135
106,051910,0.022836716898900117
107,051915,0.019573826242298222
108,079550,0.03921588712341442
109,006260,0.026724242110603327
110,010120,0.020389521976413298
111,000680,0.047858396078518294
112,229640,0.04942349005259196
113,108320,0.015667947741919003
114,001120,0.019931496236290414
115,108670,0.017720507972396365
116,108675,0.020705756353018967
117,383800,0.01381355839466091
118,38380K,0.016691014567802493
119,023150,0.007699988379487341
120,035420,0.021968018065858578
121,181710,0.027335362026217093
122,400760,0.005446804135911641
123,005940,0.012126768647292986
124,005945,0.006898990309727478
125,338100,0.005572418626552638
126,034310,0.016103913675224832
127,030190,0.018785708639232606
128,008260,0.016344287444214192
129,004250,0.013991082168469969
130,004255,0.013701092374157191
131,456040,0.016134227692461117
132,010060,0.031978901115831265
133,178920,0.017237368670031648
134,005490,0.02086649805945403
135,010950,0.016014597375758652
136,010955,0.008989055182263896
137,034120,0.0351507967733572
138,005090,0.014498224784787152
139,001380,0.021206588052038587
140,004060,0.02586380514532027
141,001770,0.01279093661447841
142,002360,0.02377094170494313
143,009160,0.030730008052697613
144,123700,0.018712765459015734
145,025530,0.025468404793315556
146,034730,0.026623455036810562
147,011790,0.022346369435917845
148,018670,0.01715481197178827
149,001740,0.038879678204283716
150,006120,0.02399113981226929
151,006125,0.012289412702038208
152,210980,0.03051423380193591
153,395400,0.007007511292767798
154,302440,0.01359954892126686
155,326030,0.02351521320015107
156,402340,0.028236020148122796
157,361610,0.033859144262508876
158,100090,0.02674692211261264
159,03473K,0.021220469901532972
160,096770,0.020377683682927274
161,096775,0.012171734566659122
162,475150,
163,001510,0.01831492315721559
164,001515,0.049322300614321204
165,285130,0.017852314956616485
166,28513K,0.013210698568448424
167,017670,0.00830311381935401
168,000660,0.021600182590305203
169,003570,0.026722177774363882
170,064960,0.01242899978369249
171,100840,0.01832689722336443
172,036530,0.02001178240228341
173,005610,0.006253406709051086
174,011810,0.039511622400980766
175,465770,0.03781359291431732
176,077970,0.013319779259554678
177,071970,0.028251483853690352
178,002820,0.038127945436926956
179,084870,0.0179642100953065
180,002710,0.041608225275007536
181,069260,0.013232810613632027
182,007980,0.03031029161033457
183,002900,0.019788494742920316
184,024070,0.007865953678878648
185,037270,0.03221978435256451
186,000500,0.04343172022888992
187,000860,0.014446749263252233
188,035250,0.01695589434442533
189,011420,0.0691893189763764
190,002100,0.007800383933903013
191,009450,0.023626794084767738
192,267290,0.010823632679782072
193,012320,0.021887794406846118
194,000050,0.017728602964366305
195,214390,0.020269439600345093
196,012610,0.009157694551750485
197,009140,0.0437864522840369
198,013580,0.01634432705172633
199,012200,0.010114600107508047
200,012205,0.01645708173948243
201,002140,0.01737013055811075
202,010130,0.014586190793534458
203,002240,0.047541130232693664
204,009290,0.021169103478561036
205,017040,0.013497338656394757
206,017900,0.0397193077564158
207,037710,0.012296231851039396
208,030610,0.014328961680735369
209,339770,0.010594919138632138
210,007690,0.0141779864054614
211,005320,0.04332731469463139
212,001140,0.06957155159269866
213,002720,0.03615054138289788
214,083420,0.028614168794334732
215,014530,0.023132016264136634
216,014280,0.013609003381972448
217,014285,0.01766514071340498
218,008870,0.01765716439313063
219,001570,0.034276449563782264
220,002990,0.01319222486975384
221,002995,0.01975912226510611
222,011780,0.03045980966266118
223,011785,0.018491234585812946
224,214330,0.012308018507625001
225,001210,0.04115733321391388
226,073240,0.02723844336362447
227,092440,0.004284866577206154
228,000270,0.028274746503880243
229,024110,0.01386978419411133
230,013700,0.012618863036828552
231,004540,0.050228417690916106
232,004545,0.058862057725506296
233,001260,0.014649162787256436
234,008350,0.027246396888330124
235,008355,0.0953558525271541
236,004270,0.02077528137116115
237,003920,0.02811838699663729
238,003925,0.026289789807404425
239,025860,0.011659155506032064
240,005720,0.015003361224644195
241,005725,0.009501043685590122
242,002350,0.01776041070418058
243,002355,0.017039951957220405
244,092790,0.022049112408013202
245,251270,0.027706846973838743
246,090350,0.03526764420454798
247,090355,0.055202001517819364
248,000320,0.022801791562519647
249,000325,0.04899014919795467
250,006280,0.01520863466473715
251,005250,0.016437051991094322
252,005257,0.03789137149815276
253,004370,0.012791088044954444
254,072710,0.012070576746465363
255,058730,0.011391464867953244
256,030210,0.018287584628223823
257,023590,0.027245415280767415
258,145210,0.04673530568500423
259,019680,0.02126871028064586
260,019685,0.05198041866069852
261,006370,0.02464846766122022
262,008060,0.008278414992823373
263,00806K,0.02083730243087626
264,353200,0.018778796038624902
265,35320K,0.014704704813555063
266,000490,0.03795414051111528
267,008110,0.014352440939672846
268,005750,0.012859668701582457
269,006570,0.02129577173105083
270,001680,0.0159002898155099
271,001685,0.09996251288956325
272,084690,0.06388675453182224
273,084695,0.10935402623994026
274,128820,0.015026659122271585
275,117580,0.05221657500750384
276,016710,0.016316876407820206
277,003540,0.012461383030405842
278,003547,0.007464526728522339
279,003545,0.006285529165906588
280,009190,0.06594070694111692
281,014160,0.01626218619477628
282,047040,0.013665384277020525
283,009320,0.010871581787266292
284,003090,0.02800000382389605
285,069620,0.014012796324580228
286,000430,0.028574268761698104
287,006340,0.012630354599239902
288,006345,0.017653578600160074
289,003220,0.012901093239842785
290,024890,0.013208373522448275
291,002880,0.11150045696854242
292,000300,0.07359122654619515
293,012800,0.025268154139310432
294,015230,0.014595836106981173
295,001070,0.01365464455439528
296,006650,0.024901207063830446
297,001440,0.03880692409340238
298,084010,0.014989311621035608
299,001790,0.016880521795615312
300,001795,0.040909857248247215
301,001130,0.01261232987204235
302,003490,0.015014588430689979
303,003495,0.011962125328520737
304,005880,0.044137743989635346
305,003830,0.014746025141573338
306,016090,0.008952633610497595
307,069460,0.021839080164681623
308,192080,0.0401166906738325
309,012510,0.04001935001787179
310,004830,0.061546029185339336
311,004835,0.10265379318642319
312,024900,0.03160807734644513
313,145720,0.033162615294583385
314,002150,0.00813909753284424
315,460850,0.016966734146624442
316,460860,0.027994791032277845
317,001230,0.03271252646871446
318,023450,0.008802221764968839
319,004140,0.04133087007005475
320,007590,0.007227050141839257
321,005960,0.01261833020727659
322,005965,0.01824706198190626
323,026960,0.010412594463582232
324,002210,0.009279147730633545
325,102260,0.00748631278394753
326,000640,0.018938969619181206
327,170900,0.023816468219283335
328,028100,0.020069733063387326
329,282690,0.01479749169885458
330,001520,0.011842778648151928
331,001527,0.02823062379433804
332,084670,0.0056746971508275165
333,082640,0.02247025498647182
334,001525,0.018861092938372105
335,008970,0.014348737468994184
336,092780,0.013188891318888169
337,049770,0.013526260627169932
338,018500,0.03073946232388913
339,006040,0.03633959868427775
340,030720,0.009377000146216986
341,014820,0.024268220850686226
342,014825,0.021346370564276813
343,111380,0.03943835678148841
344,163560,0.03871657292508177
345,004890,0.013356767206872074
346,002690,0.010639646253675243
347,000020,0.011664186187098443
348,000150,0.022849813163242444
349,000157,0.013991885058791304
350,454910,0.044883921119499195
351,241560,0.026839966306563212
352,034020,0.016734926924125818
353,000155,0.013771409745638561
354,336260,0.01906461958388691
355,33626K,0.012350062004263087
356,33626L,0.011964931929036759
357,016740,0.01959122967309526
358,192650,0.03131756720917036
359,024090,0.011323334008753155
360,003160,0.031803147135537946
361,092200,0.020062662248723787
362,377190,0.008768042952482104
363,013570,0.012102557611784285
364,210540,0.019129165915379016
365,115390,0.02573870769167576
366,032350,0.013809062353609939
367,089860,0.010295597981756098
368,330590,0.007711008554975496
369,000400,0.03738031971070659
370,023530,0.025537858908045545
371,020150,0.020920587374486332
372,280360,0.01725447264547015
373,286940,0.056134313562929486
374,004000,0.0183396970205448
375,004990,0.025997549411242108
376,00499K,0.012265247338708124
377,005300,0.017090504221546475
378,005305,0.010214292381582576
379,011170,0.024920313530872137
380,071840,0.014023190828859784
381,027740,0.011090641339185803
382,357430,0.008108713831078656
383,001080,0.0
384,088980,0.006574007735147191
385,094800,0.007029222358827598
386,138040,0.024977697527506684
387,090370,0.025409149896277582
388,017180,0.020796653134531898
389,009900,0.013575608056639486
390,012690,0.016458023091486754
391,005360,0.012131191157431314
392,070960,0.01015100244606972
393,009680,0.009541001207516896
394,009580,0.008333080495106053
395,009200,0.016821081370084465
396,033920,0.011520741634747086
397,008420,0.008241092628014864
398,025560,0.024172484069830233
399,007120,0.018771451728914125
400,396690,0.012114631433637696
401,357250,0.008804362430181284
402,085620,0.02969495866771535
403,006800,0.023691636905468084
404,00680K,0.013633054826841202
405,006805,0.012408786053690451
406,002840,0.006173037492494646
407,268280,0.012412597291595339
408,107590,0.006972394123809262
409,134380,0.009414976320081833
410,003650,0.010217605988868011
411,377740,0.02142138651128868
412,003610,0.02513394525221043
413,001340,0.0
414,035150,0.02779136110134838
415,002410,0.03626482266846798
416,007210,0.017206784042050206
417,002760,0.012280935798333949
418,003850,0.025421508767326073
419,000890,0.009764689458434705
420,003000,0.026357754611504264
421,001270,0.01574478091082994
422,001275,0.005343697272794754
423,026940,0.04069973860197509
424,011390,0.007901122905001475
425,005030,0.0
426,002070,0.013344428714441156
427,100220,0.044445812280578534
428,090460,0.019712895287315756
429,005180,0.01670519015199422
430,003960,0.03190307262766385
431,008040,0.009229509764989584
432,007160,0.013475195029903865
433,014710,0.012426009744342926
434,006090,0.008082681836472646
435,001470,0.03799558147629077
436,028050,0.027087254288423224
437,448730,0.0036270953728216155
438,006400,0.022336559065850997
439,006405,0.01668097283454114
440,006660,0.014270488774123314
441,028260,0.02539954438913843
442,02826K,0.022464783298663343
443,207940,0.01631752602887757
444,032830,0.030507769100145594
445,018260,0.021554897086118113
446,009150,0.016376186986051065
447,009155,0.012565797477453846
448,005930,0.012980421629724218
449,005935,0.013231792183281429
450,001360,0.02698760229772993
451,010140,0.020101439211087993
452,016360,0.020102338947549737
453,068290,0.05112652797959086
454,029780,0.014241234020152212
455,000810,0.02851395710248398
456,000815,0.017231685645346374
457,006110,0.028680431583464283
458,145990,0.01368140161428654
459,145995,0.010478240321853818
460,003230,0.02529281408231949
461,002170,0.013272359809818524
462,272550,0.012825039795527887
463,000070,0.016864174592588557
464,000075,0.00876157133916062
465,003720,0.028230016163866552
466,002810,0.010454524119528236
467,005680,0.022359258689854788
468,023000,0.009596825079940505
469,004380,0.036537785658434054
470,002450,0.011897518560189009
471,004440,0.016074915919981163
472,000520,0.03789183579901897
473,009770,0.009553939721455422
474,005500,0.008331505420636392
475,004690,0.016527734591952767
476,010960,0.010737983647382258
477,004450,0.008890247333727638
478,009470,0.035276911260985845
479,011230,0.047793254218051764
480,001820,0.016748701878906768
481,000390,0.018508374401921823
482,001290,0.011295620966982684
483,041650,0.01608665552167473
484,075180,0.016080633275301376
485,007540,0.010367757601233903
486,248170,0.015083059646134657
487,007860,0.043434076420356765
488,200880,0.03927275773125982
489,017390,0.012779902283693825
490,004410,0.011623458681134912
491,004415,0.0145873465645263
492,021050,0.0317701229967278
493,008490,0.012273819919575187
494,007610,0.0
495,014910,0.016057191961259112
496,014915,0.035128002728277374
497,003080,0.008652237354526547
498,004980,0.00960491419227912
499,004985,0.0207801143257474
500,011300,0.03268709735538895
501,000180,0.02776506573589426
502,002420,0.01799524265828187
503,004360,0.022200757599341068
504,004365,0.012804284428854389
505,004490,0.030513792853391838
506,001430,0.026534873072070427
507,306200,0.015015151765463083
508,003030,0.027150402858823672
509,019440,0.00881064299963742
510,058650,0.020871251227103073
511,013000,0.012605704020795626
512,091090,0.0
513,021820,0.027362562959777372
514,067830,0.02450427691355932
515,075580,0.021902820693809135
516,068270,0.033241935415065337
517,336370,0.10364108917931096
518,33637K,0.13196191576987393
519,33637L,0.1268888874351051
520,248070,0.020188168090877763
521,004430,0.021070661647326794
522,126720,0.0161074497130234
523,017550,0.01141798287931415
524,053210,0.011575269247331776
525,204210,0.04388682827787884
526,026890,0.020021713802235566
527,134790,0.015077012044725351
528,462870,
529,016590,0.015739571791033455
530,029530,0.023537371674932667
531,004970,0.010820628302379577
532,011930,0.016291854470676
533,005390,0.011340863796879225
534,004170,0.017912497699477097
535,035510,0.021249096647613777
536,034300,0.03341576424813365
537,031430,0.0162467293865357
538,031440,0.012875505464181635
539,006880,0.04126028769491899
540,005800,0.0092330635952819
541,001720,0.012786510247041616
542,009270,0.013153032557543713
543,002700,0.007066107753566037
544,002870,0.01562485045786154
545,019170,0.022670521762762033
546,019175,0.04268135842174684
547,481850,
548,404990,0.00944573926352518
549,293940,0.009006287698847867
550,055550,0.02197890474218659
551,004080,0.004199733008991696
552,102280,0.0
553,004770,0.015208947180580969
554,403550,0.01645160643706386
555,004920,0.02702159886000084
556,112610,0.03219112089372016
557,308170,0.018174602850480778
558,008700,0.02002863386611959
559,002790,0.029646075340545006
560,00279K,0.015479702475474958
561,002795,0.014300355378693706
562,090430,0.030646569242963145
563,090435,0.02114239260052014
564,002030,0.018028995317754006
565,183190,0.014567011478997397
566,002310,0.01421337080658462
567,012170,0.09420814689981266
568,267850,0.05708881551162916
569,020560,0.023186487464370707
570,122900,0.008923547489408108
571,010780,0.0208857734441716
572,139990,0.009956116829458073
573,001780,0.027176210419296788
574,018250,0.02012809045228092
575,161000,0.0356191377665541
576,011090,0.009021134865109708
577,137310,0.028653311423229695
578,118000,0.026338612781088906
579,005850,0.023121855459572363
580,010580,0.01692169423451718
581,012750,0.016497616149553848
582,033530,0.022451233972808002
583,023960,0.018316158361410702
584,298690,0.02414894261390347
585,140910,0.014909407190691386
586,078520,0.01939157354622532
587,015260,0.03709875274625156
588,007460,0.03582519633125654
589,003060,0.05901982579228652
590,244920,0.010111086425322895
591,278470,0.017164074221004154
592,450080,0.06747156675377011
593,036570,0.02515255335347122
594,085310,0.00846197877771211
595,900140,0.05332430985684523
596,066970,0.04404713356094497
597,097520,0.01799547970792511
598,014440,0.01969308311644781
599,111770,0.022811459072885013
600,009970,0.02497213079591517
601,003520,0.011783002561806626
602,000670,0.018206636716170108
603,006740,0.019062110434633614
604,012280,0.01351135764756081
605,012160,0.01353473192623429
606,015360,0.015470119224772065
607,007310,0.010411117198397416
608,002630,0.007025148702996929
609,271560,0.03297334225531878
610,001800,0.015827958878245642
611,011690,0.024879392243022918
612,316140,0.014109150998319508
613,006980,0.00681771047771445
614,017370,0.030169081931379176
615,105840,0.026213910575042864
616,010400,0.020704609883314937
617,049800,0.008224306924677847
618,016880,0.033671231111199344
619,095720,0.012703301640706106
620,005820,0.009792246810837265
621,010600,0.03225119959474534
622,008600,0.029806833303464925
623,033270,0.017947289706895762
624,014830,0.020856899337223875
625,446070,0.027025555663905357
626,000910,0.02783619278247967
627,047400,0.027347541734895783
628,011330,0.03014979516778423
629,077500,0.05534702950163754
630,002920,0.008557322945085486
631,000700,0.015369023774467487
632,003470,0.016945390505868088
633,003475,0.015796151189452518
634,072130,0.03185994858858649
635,000220,0.03720313886000877
636,000225,0.04851339964477875
637,000227,0.06277714016603982
638,001200,0.03268743485665613
639,000100,0.019186404916860925
640,000105,0.011226217824002512
641,003460,0.013058632383845716
642,003465,0.01246726726323461
643,008730,0.041977991853952304
644,008250,0.0084834661848535
645,025820,0.020508612092067193
646,214320,0.016379082650880703
647,088260,0.006225039396757605
648,139480,0.028868085854915567
649,457190,0.05668209367633032
650,007660,0.04216946310164849
651,005950,0.02362364377334386
652,015020,0.012908507217766922
653,093230,0.0
654,074610,0.029731862803011308
655,102460,0.013841656616305814
656,084680,0.05827037626231973
657,350520,0.007167222664986604
658,334890,0.010088660940186659
659,000760,0.013844820745766822
660,014990,0.014329490612171791
661,101140,0.0
662,006490,0.017226033028489563
663,023800,0.021959254467889076
664,034590,0.006365226919877939
665,129260,0.019392851131901985
666,023810,0.014799865662929925
667,249420,0.01680412905538256
668,000230,0.013126722905293627
669,013360,0.028264612830129023
670,003120,0.03359475041111776
671,003200,0.01821661835105617
672,007110,0.02043510650790819
673,007570,0.011273027532044448
674,007575,0.020155125978304288
675,008500,0.0
676,081000,0.013084754488722409
677,020760,0.0462040217677306
678,103590,0.03189461595039397
679,271940,0.02204709496691149
680,015860,0.014543600485118095
681,226320,0.011864609332219134
682,317400,0.012806293055269799
683,033240,0.027100613670425332
684,000950,0.02271066739059271
685,348950,0.007354518218130276
686,194370,0.02679960720085257
687,025620,0.023447504859312678
688,030000,0.013300882185424181
689,271980,0.0186853761726177
690,001560,0.019600698310597908
691,002620,0.017525120847123356
692,006220,0.05649397292731186
693,089590,0.021287839225650772
694,004910,0.011762404532919874
695,004700,0.03230073888649926
696,001550,0.016944375735115227
697,462520,0.015370222309816136
698,120030,0.017590648198056086
699,018470,0.011438118465109046
700,002600,0.007855857327919727
701,185750,0.021208938726409894
702,063160,0.022423374797254782
703,001630,0.014662648896125185
704,109070,0.0
705,044380,0.01973906016482504
706,013890,0.016723547940780802
707,013870,0.020876311231072215
708,071320,0.04545639001666913
709,088790,0.01923243895099557
710,003780,0.015339242930728875
711,010640,0.02591282691890302
712,100250,0.0073597767200419524
713,051630,0.012568227338192078
714,272450,0.015636011504654945
715,011000,0.02139524873624632
716,002780,0.011423642075294522
717,002787,0.013533159528179068
718,002785,0.022921381583744432
719,009310,0.07437186984658921
720,000650,0.036843480822150165
721,012600,0.0
722,033250,0.04273848644020432
723,035720,0.024021311678901352
724,323410,0.02849064391488625
725,377300,0.03451083562592812
726,006380,0.02377407639604476
727,001620,0.016018543539821715
728,029460,0.02531051576734474
729,281820,0.03736160187004607
730,381970,0.02753976368893764
731,145270,0.012954833915723597
732,417310,0.0073702462867302095
733,357120,0.009355880716707793
734,007815,0.045324451231830806
735,007810,0.040554445044611
736,00781K,0.05167870941031644
737,003690,0.01376380364330632
738,192820,0.024826535596688855
739,044820,0.0105751273171679
740,005070,0.027466459007411775
741,005420,0.02654625781105901
742,071950,0.047378299744848494
743,002020,0.016894028978599773
744,138490,0.014238812062464724
745,003070,0.02194396948399973
746,003075,0.03325142186590142
747,450140,0.047509342108529334
748,45014K,0.04807579269934474
749,002025,0.01677402085635633
750,120110,0.015233210809703376
751,120115,0.008454202476813062
752,021240,0.019605943211417412
753,036420,0.023943041275720736
754,024720,0.01600610438538998
755,031820,0.016572129338756913
756,192400,0.01212689623273459
757,284740,0.012632683109302035
758,264900,0.008799033799747976
759,26490K,0.020411276992469262
760,005740,0.014535389689833717
761,005745,0.01644273255411457
762,259960,0.03123196677419264
763,020120,0.037393957184699636
764,039490,0.022091851105386646
765,014580,0.013568775862437387
766,015890,0.010524598683147715
767,006890,0.011143543234231234
768,003240,0.04104563491500345
769,011280,0.0400155695616659
770,004100,0.04474752660369547
771,004105,0.0859784833696991
772,009410,0.07086830381134548
773,009415,0.13605392121231122
774,001420,0.012342533218386234
775,055490,0.018337668917787847
776,078000,0.014510702880675706
777,214420,0.043122893781121004
778,019180,0.017369306824271232
779,363280,0.05290227408138669
780,36328K,0.10722883417388433
781,091810,0.026947875239902223
782,004870,0.018464039266286737
783,034230,0.013653680554028848
784,005690,0.019012712090963963
785,036580,0.014806301025735123
786,004720,0.015422103275023127
787,028670,0.03682070018633741
788,010820,0.01905975507703292
789,016800,0.010297065906665947
790,001020,0.014313626268008906
791,090080,0.01154309756791023
792,010770,0.013173726210047866
793,022100,0.03807860302167357
794,058430,0.023052086679074203
795,047050,0.02564712523141893
796,003670,0.033464786338932816
797,017810,0.010702676778301574
798,103140,0.02032774467227998
799,005810,0.017628338457598564
800,950210,0.0165045616292902
801,009810,0.030993306816534505
802,086790,0.02497965760764097
803,293480,0.010190880896006005
804,039130,0.01853353719833487
805,352820,0.02698784358829686
806,071090,0.018880156888833922
807,019490,0.0305245988505176
808,000080,0.016637014335521484
809,000087,0.010161277154709051
810,000140,0.014818187497569935
811,000145,0.02243359889047561
812,152550,0.038842559570419384
813,036460,0.025419333075848503
814,005430,0.02390287656168101
815,071050,0.02251555796541349
816,071055,0.01852223842742472
817,010040,0.010959354082320728
818,025540,0.02231176444238633
819,010100,0.041789576602521895
820,004090,0.04581729012549486
821,002200,0.022938273989295762
822,002960,0.011445093657035964
823,000240,0.06391044316814408
824,123890,0.008355788313587647
825,015760,0.021942628022021866
826,006200,0.016917907003864214
827,027970,0.008750817586761614
828,023350,0.010903462543064889
829,025890,0.01574493888310372
830,000970,0.010703911235355365
831,104700,0.011221715733406636
832,017960,0.01313819250482295
833,161890,0.01759760420100694
834,161390,0.022533466695406828
835,034830,0.010231528161163036
836,007280,0.0069355129831843105
837,168490,0.3187831517520504
838,047810,0.01858205166086771
839,123690,0.016374348670062985
840,003350,0.01582367571219954
841,011500,0.03492714785397572
842,002390,0.016109648793110002
843,053690,0.021201185774756003
844,042700,0.04276517328125189
845,008930,0.0517227802966186
846,128940,0.019474497565194284
847,009240,0.017156803306770697
848,020000,0.020057109246652823
849,003680,0.019260061704854305
850,105630,0.01921553483977672
851,069640,0.015801652945292496
852,016450,0.012649101873790349
853,010420,0.010974101342394764
854,009180,0.01880950237884569
855,213500,0.008870773395070015
856,014680,0.01953704678468439
857,004710,0.018021391085391553
858,004150,0.010741022724401333
859,025750,0.0065891240623274245
860,004960,0.01466334166107605
861,011700,0.025066043967333456
862,001750,0.014938377367627114
863,001755,0.04241809451171969
864,018880,0.01847797947822443
865,009420,0.037925910621548875
866,014130,0.046597241627205355
867,300720,0.01386241848331281
868,002220,0.018167120470512506
869,006390,0.009952796531644657
870,003300,0.016481136068606572
871,051600,0.016687876819065854
872,052690,0.020133323631364476
873,130660,0.012687787025827336
874,002320,0.027030710332810858
875,003480,0.0098669621865414
876,180640,0.04057709031500756
877,18064K,0.02539375761785153
878,005110,0.04204580700341903
879,009460,0.008295998532767284
880,372910,0.013967186522183794
881,000880,0.025373538108626213
882,00088K,0.01615730421093087
883,452260,0.047334507323802094
884,45226K,0.0403722723043592
885,451800,0.004636947983096096
886,088350,0.030404480006783464
887,000370,0.035613336542063743
888,009830,0.03474957296114983
889,009835,0.027561098083033975
890,272210,0.025074235542553183
891,012450,0.030123304290243687
892,082740,0.028975045521691292
893,042660,0.0221953629620858
894,000885,0.025411960076553105
895,003530,0.06018014788509544
896,003535,0.09311188540921592
897,195870,0.023186509633180034
898,101530,0.009362223365040476
899,143210,0.011583450148342275
900,000720,0.016801190329241558
901,000725,0.015561899185875118
902,453340,0.014966393720312263
903,086280,0.01674303763186573
904,064350,0.02928488403305212
905,079430,0.02102368523515992
906,012330,0.021704256423349725
907,069960,0.023688863116659003
908,004560,0.042512707793564516
909,004310,0.01461959018983966
910,017800,0.014524759371695494
911,307950,0.03245956310595493
912,011210,0.019500159138653175
913,004020,0.022342663829995803
914,005440,0.02778454315435798
915,005380,0.023690877118276443
916,005387,0.022617829888856928
917,005389,0.020621912285405393
918,005385,0.021021777029561723
919,001500,0.01232387208541763
920,011760,0.013586502561479303
921,227840,0.008836933127726234
922,126560,0.01620525592019875
923,001450,0.020494696212471783
924,057050,0.022178120084873312
925,093240,0.013086098877976437
926,003010,0.017985216786832733
927,111110,0.009891715391793253
928,008770,0.012472878469637575
929,008775,0.00785138472862194
930,378850,0.03275675578924355
931,241590,0.025947334096332788
932,006060,0.01215229096800547
933,013520,0.023427369016356874
934,010690,0.03346757576772451
935,133820,0.01894027573283013
936,010660,0.027965500760791063
937,000850,0.008055581771110825
938,016580,0.011581876693878404
939,032560,0.009916617772797549
940,004800,0.018132539120868086
941,094280,0.005302573670602154
942,298040,0.03271704958974875
943,298050,0.019823605548862762
944,298020,0.018062057348475866
945,298000,0.021212648196859626
946,093370,0.02613590169068418
947,081660,0.014661732385951257
948,005870,0.030715591093995624
949,079980,0.018500062704191782
950,005010,0.022343354213695515
951,000540,0.052143511909075305
952,000545,0.07489254405903614
953,003280,0.06648792951301319
954,060310,0.049133880182399156
955,054620,0.03414477872655772
956,265520,0.018123657251585865
957,211270,0.04040096997701239
958,109960,0.026554495522646427
959,139050,0.03655749463948783
960,126600,0.01832088698159261
961,013720,0.03929893083507461
962,083790,0.03360268700316675
963,035760,0.029636995825037572
964,311690,0.01864459297227379
965,051500,0.018708514580912793
966,058820,0.01721635757019177
967,023460,0.015144265603490895
968,056730,0.01929189765162116
969,065770,0.016030518630874683
970,083660,0.030052959757930525
971,456440,0.011218492012051483
972,477760,
973,060900,0.05712185610195161
974,290120,0.023890526440918533
975,025440,0.013973242934037552
976,068790,0.01861064291076051
977,241520,0.04714487047126657
978,180400,0.036468296861571096
979,245620,0.06999856462434456
980,037370,0.01917729947936194
981,050120,0.014664179568497127
982,214270,0.04756020269921499
983,130500,0.019500849282357374
984,900290,0.03120905589865179
985,083450,0.04778121136865892
986,297890,0.06033366616998726
987,440290,0.07619989969174056
988,078150,0.02615965940171365
989,195940,0.020335359511059255
990,028300,0.05192806700234961
991,278650,0.0400968555102352
992,067630,0.0401000075618779
993,024850,0.0413770352230967
994,047920,0.03654831611604169
995,115450,0.05164055169976543
996,046210,0.03357493513361926
997,403870,0.04290714831569116
998,036640,0.009182308893018147
999,439730,0.010190470166102993
1000,442770,0.006366933251828759
1001,448760,0.008505747397175849
1002,467930,0.006061905575275379
1003,469480,0.004712049203645514
1004,095340,0.03718906144244283
1005,099520,0.0
1006,950170,0.015558616663891602
1007,067290,0.016177311173389716
1008,035900,0.025738010794418065
1009,318000,0.01723885431019881
1010,024840,0.014868791606833498
1011,024120,0.01571809836101008
1012,455250,0.0064739403231508065
1013,458320,0.004657399489317483
1014,464680,0.003832276673769479
1015,476470,
1016,478390,
1017,021320,0.016158417253583145
1018,036670,0.011553407575062454
1019,044180,0.017749215510147034
1020,046440,0.01705763818595724
1021,151860,0.022048209006511648
1022,035600,0.023064073459141642
1023,226360,0.0
1024,111870,0.0
1025,060720,0.019187538830918987
1026,058400,0.02446651552704123
1027,101000,0.022164123547759134
1028,122450,0.01151240820968706
1029,052900,0.026244474347711523
1030,376190,0.038329361905996
1031,061970,0.035180216303244624
1032,309960,0.02283982399268583
1033,225190,0.004802550572682486
1034,060370,0.026862857092328267
1035,417200,0.06960798139686973
1036,078020,0.024212422278178825
1037,086960,0.036386752715392205
1038,038340,0.0
1039,160550,0.022266355594452236
1040,053290,0.03125917316589566
1041,060250,0.041535700133007177
1042,104200,0.03497347675019669
1043,222160,0.05067362858783531
1044,024940,0.061374205314188524
1045,218410,0.0268881587834362
1046,327260,0.01774336062740774
1047,091340,0.023481601144414027
1048,419530,0.027111433255822673
1049,019550,0.023269252803405686
1050,950110,0.015747161452138773
1051,036120,0.02151453427222799
1052,246960,0.02072689199581453
1053,099220,0.017146780976088242
1054,036540,0.04130261735439651
1055,255220,0.04609335168827275
1056,040610,0.009972841507318404
1057,049470,0.014027722105258763
1058,184230,0.017045418117861068
1059,016250,0.013383323034522679
1060,048550,0.01685556313720099
1061,063440,0.013244944395974047
1062,067160,0.0488040142412923
1063,289080,0.030862109689300726
1064,089230,0.12297686259634595
1065,032540,0.02094671451333886
1066,022220,0.007094468632912402
1067,048770,0.04336978183853879
1068,246690,0.024899545476155322
1069,317240,0.03253193097326059
1070,057030,0.03952077023653274
1071,040300,0.019702152548595465
1072,051390,0.009545581313592427
1073,052220,0.011581965187429545
1074,079940,0.021768690190581464
1075,078890,0.05300366122031335
1076,399720,0.061014159783521225
1077,036620,0.027175970375658776
1078,198440,0.009686667447441422
1079,217730,0.032939414371851314
1080,114190,0.03677705267089562
1081,094480,0.07057975120166719
1082,039240,0.008571288357957129
1083,053950,0.041252566347174294
1084,011040,0.010621756372263499
1085,024910,0.016046102893564753
1086,049720,0.013221099713130362
1087,014570,0.013131566957737442
1088,348150,0.04680502096823294
1089,950190,0.029055315487253198
1090,098460,0.04991119659223268
1091,035290,0.043249351050140133
1092,900280,0.0837160623526251
1093,215000,0.014973118715042037
1094,121440,0.02177306678004403
1095,366030,0.021214847672737985
1096,014200,0.0
1097,029480,0.06393752663147344
1098,026910,0.009519081244185709
1099,421800,0.007866986426763993
1100,440790,0.007229262706480381
1101,456490,0.006135208558826799
1102,465320,0.005636820613838364
1103,053270,0.016605273824633865
1104,066620,0.012737044673446359
1105,043650,0.023469068729253174
1106,006050,0.011356159190441955
1107,060480,0.016672992431101104
1108,078130,0.0
1109,307750,0.024197114335194447
1110,035080,0.035526306451158604
1111,453450,
1112,204020,0.015081384808334635
1113,402490,0.06319654826353623
1114,114450,0.028908607536086563
1115,186230,0.022670134086637945
1116,900070,0.009613183401190366
1117,204620,0.02983746350463764
1118,019660,0.058552843581174414
1119,053260,0.012930074785190964
1120,282720,0.014756757259166444
1121,036190,0.009465664515268523
1122,049080,0.0249099465864844
1123,420770,0.03068263859938477
1124,035460,0.013045960955407663
1125,308100,0.011602427054458738
1126,407400,0.03366642816892109
1127,187790,0.01573123335203037
1128,286750,0.035213093854804284
1129,121600,0.037169224531701676
1130,247660,0.018456723459269315
1131,039860,0.04032739073696009
1132,091970,0.029844414151874703
1133,417010,0.02204633154887597
1134,405920,0.023780804430177865
1135,051490,0.013935964524763787
1136,137080,0.01924369851450638
1137,190510,0.03781471386379314
1138,242040,0.031521262071784566
1139,089600,0.02635767938632726
1140,293580,0.021041676611800408
1141,138610,0.04697364373450401
1142,130580,0.008254559056603297
1143,036800,0.01499697748664237
1144,267320,0.014012636186721857
1145,111710,0.014916498716589696
1146,091590,0.02111667686605469
1147,168330,0.030735095637338696
1148,094860,0.11507378573788005
1149,253590,0.0828473653824078
1150,212560,0.052834727090709556
1151,095660,0.018879849033413453
1152,042420,0.039104007545469964
1153,950220,0.03211025251793178
1154,311390,0.016989863091684442
1155,085910,0.014666645119495478
1156,092730,0.022915658168958086
1157,290660,0.030785742134764895
1158,306620,0.016223499684312147
1159,153460,0.011045290014094185
1160,007390,0.022732536246850336
1161,033640,0.0347449948417559
1162,330860,0.052534762385992806
1163,089140,0.023514959828568462
1164,137940,0.052303712542916464
1165,396270,0.03409123874739994
1166,348210,0.024242429163305376
1167,225570,0.0206379627800683
1168,217270,0.020328425664949426
1169,104620,0.020589582524343154
1170,194700,0.024708690995104216
1171,285490,0.017260874458459897
1172,145170,
1173,106520,0.0
1174,376930,0.035136703264072644
1175,142280,0.03844472689352013
1176,234690,0.04691249786829363
1177,065560,0.0
1178,054050,0.0072119515210885285
1179,069140,0.03904849346482386
1180,040160,0.05396724668726776
1181,332290,0.031571914551986234
1182,348340,0.03875009974212812
1183,060260,0.013542897183467312
1184,123840,0.048129103466375216
1185,012340,0.01042551668538176
1186,214870,0.0
1187,270870,0.014533540217416995
1188,144960,0.02321007683143316
1189,085670,0.06537822555470824
1190,064260,0.039409165905343796
1191,340360,0.08195916614963857
1192,039560,0.024501325903599554
1193,154040,0.015863808206620863
1194,032190,0.022267985098223687
1195,323350,0.032214522561791824
1196,068240,0.021890540598626454
1197,020400,0.04938032598899602
1198,008830,0.06068385722526558
1199,048470,0.04204997784561625
1200,004780,0.006320431495657329
1201,017650,0.007831159836716887
1202,007720,0.006174213732421323
1203,389260,0.025293471207987445
1204,317850,0.021735353080387834
1205,290670,0.02403085581790178
1206,078140,0.020318332779039005
1207,065150,0.02513379983229004
1208,036480,0.020376655598635156
1209,027830,0.055992264778718374
1210,104040,0.013125084326209163
1211,129920,0.018189161480254956
1212,438220,0.0
1213,442310,0.010240642463574957
1214,457390,0.004005757366225266
1215,457630,0.01742256244944392
1216,471050,0.013470255667269145
1217,020180,0.021982845533436494
1218,045390,0.020821777066715993
1219,108380,0.012669618243944464
1220,007680,0.013504226714706559
1221,048910,0.015427523792635178
1222,005710,0.02029374749097632
1223,290380,0.0
1224,120240,0.01575283165269414
1225,003310,0.008043269861275546
1226,078600,0.02316592211093696
1227,096350,0.024895004568064195
1228,140520,0.011728714573899537
1229,131220,0.010329342438041327
1230,010170,0.01813444646703117
1231,054670,0.011498072492103727
1232,023910,0.009004193372478035
1233,021040,0.01362288105788005
1234,021045,0.03354346461375429
1235,067080,0.021786089731313994
1236,298540,0.016486631067184735
1237,032860,0.0
1238,393890,0.037249897154620897
1239,299170,0.02432999803103889
1240,224060,0.03600668393022764
1241,043090,0.04490289576310748
1242,213420,0.022785411942180884
1243,317330,0.054367201062522665
1244,077360,0.030238905817243086
1245,090410,0.014667005906661775
1246,263600,0.03690327639939918
1247,194480,0.04134677059927689
1248,263800,0.028582590096245263
1249,206560,0.03189891359921298
1250,261200,0.03640914987868736
1251,067990,0.0165237753071833
1252,006620,0.021024335353787036
1253,100130,0.015494288476128937
1254,005160,0.04291336280708039
1255,075970,0.02141453130005649
1256,086450,0.024832425106533013
1257,099410,0.021785089996708615
1258,033500,0.014663393939250967
1259,025950,0.042531549539498004
1260,088130,0.03843447584387673
1261,041930,0.013777764039784894
1262,060380,0.010427115468850938
1263,079960,0.015235273380802368
1264,228340,0.016074168653917854
1265,088910,0.01052522936797146
1266,094170,0.04390275821673049
1267,013120,0.008006591840852253
1268,109860,0.00801341331394293
1269,032960,0.013811440453867401
1270,023790,0.07103857367098715
1271,005290,0.02370003001557568
1272,025900,0.052806342298963936
1273,131970,0.02474338483004379
1274,073190,0.02735951818493452
1275,030350,0.02541596608845915
1276,203650,0.023092035881068868
1277,223250,0.023795112043413728
1278,060570,0.033179973233183335
1279,362990,0.10155748829510085
1280,217620,0.06881085706512492
1281,016670,0.05203589069676593
1282,187870,0.01694570357021367
1283,110990,0.04852341428991646
1284,263690,0.011205105021950974
1285,214680,0.04100959078025585
1286,347850,
1287,263720,0.05732310778312836
1288,376300,0.035519572059386106
1289,109740,0.012250208218610672
1290,196490,0.03760729906450716
1291,066900,0.02004365740880053
1292,127120,0.016107445895062696
1293,092070,0.02514782313046864
1294,039840,0.024735102483649993
1295,219550,0.038002728508805
1296,310870,0.010737409447908235
1297,104460,0.021183467019264775
1298,079810,0.03536018795011993
1299,113810,0.021851787079225606
1300,043360,0.018606125480018894
1301,197140,0.02749071017051273
1302,068930,0.012428572930766341
1303,033130,0.015905920035436335
1304,105740,0.010386360650374305
1305,263020,0.022911139079103412
1306,290550,0.022670099216140452
1307,066670,0.034878700663380856
1308,187220,0.07044171610972587
1309,383930,0.10766861870574476
1310,131180,0.012051239631813208
1311,315640,0.039451624527396124
1312,223310,0.015774071098293426
1313,317120,0.014389230738993505
1314,462510,
1315,042510,0.030484326463818746
1316,232680,0.025502105305714316
1317,418420,0.040676579458984195
1318,300120,0.04455177192784492
1319,171120,0.017436584863107802
1320,388790,0.029986688259513176
1321,347700,0.07563057821903829
1322,214260,0.018414086377072276
1323,200350,0.04015967271354677
1324,171010,0.018931882806828372
1325,084650,0.02649341047619209
1326,217500,0.02110869488303688
1327,038390,0.00882358346319783
1328,294140,0.06219145846807818
1329,443250,0.05966530122460882
1330,228670,0.023633289923503723
1331,228850,0.007605459065222704
1332,412350,0.05202613119309319
1333,199550,0.11318273867346462
1334,281740,0.04179336456857815
1335,277810,0.030950074743507697
1336,215100,0.01969084246603676
1337,090360,0.03604870437084628
1338,108490,0.030607645016979754
1339,900260,0.014675840761726759
1340,067730,0.02324764292737159
1341,071280,0.026834862524448055
1342,328130,0.043003492071376485
1343,038060,0.02043578801077822
1344,060240,0.030404189175222446
1345,141080,0.03468523842798968
1346,058470,0.031049668914231242
1347,016100,0.018592870504597344
1348,012700,0.01701316137100078
1349,302550,0.5267772244319222
1350,073570,0.06783480951813085
1351,377450,0.023170069210567447
1352,277070,0.049762235715458104
1353,042500,0.03149411693736699
1354,193250,0.019885250069744557
1355,219420,0.043594657532108824
1356,439090,0.03249621896218335
1357,195500,0.011977319804254887
1358,377480,0.029207503693688627
1359,305090,0.023574140198057158
1360,098120,0.03278507065302662
1361,424980,0.027930592012289337
1362,038290,0.04171941791795358
1363,267980,0.009148673557814973
1364,005990,0.012888995375023169
1365,093520,0.05666312751812836
1366,377030,0.043810558880589975
1367,100590,0.018958358896524696
1368,067280,0.015504112466974928
1369,072870,0.012590537529986517
1370,215200,0.020764466126500396
1371,133750,0.038224373814483945
1372,446540,0.03216854054193033
1373,235980,0.060602192359540764
1374,041920,0.0241249690706473
1375,014100,0.021328919075245152
1376,054180,0.04028164153953098
1377,086900,0.026026885847108064
1378,078160,0.017726831506777372
1379,408920,0.013522798939406881
1380,021880,0.05590107731430298
1381,140410,0.031775713322090816
1382,241770,0.014880942428815085
1383,059210,0.03541091262367607
1384,058110,0.05068433199107125
1385,434480,0.0264322996530611
1386,080420,0.010579026818645957
1387,417970,0.02903414531583489
1388,080160,0.014303481793829703
1389,087260,0.01511924932492853
1390,101330,0.02629813561892939
1391,012860,0.018354564450967933
1392,363260,0.04173196226125015
1393,348030,0.019946588594730953
1394,250060,0.05400338696788179
1395,288980,0.023711586279924576
1396,142760,0.04123443323819413
1397,033200,0.01913058735320743
1398,333050,0.02144197026864964
1399,118990,0.017511989290636933
1400,006920,0.03848323172519034
1401,001810,0.01219232827851651
1402,279600,0.03914772255764612
1403,095500,0.044064630657815844
1404,254490,0.0330142812803934
1405,218150,0.031094350995616225
1406,442900,0.0022528654293078984
1407,100790,0.03280451184872923
1408,412930,0.03903944786474122
1409,446190,0.004991651157898848
1410,448830,0.0050596119827967185
1411,477380,
1412,477470,
1413,478440,
1414,049950,0.026227141312128804
1415,207760,0.04842421713088204
1416,059090,0.02233902391022607
1417,214610,0.01632086164987994
1418,201490,0.02122510433941257
1419,452200,
1420,418470,0.05639591879006197
1421,206640,0.024426547991497842
1422,018700,0.018142645223656995
1423,035620,0.020072325378537443
1424,053030,0.03126780614251939
1425,301300,0.0455726097898143
1426,064550,0.026704628172993603
1427,314930,0.4308340764167162
1428,208710,0.01959779511947549
1429,086820,0.05040487736755224
1430,038460,0.011381824577104013
1431,251120,0.017822184619628572
1432,199730,0.018385825281710646
1433,086040,0.01935688887976874
1434,099430,0.014856538147668187
1435,032980,0.027233634235490436
1436,308080,0.0202927367695115
1437,043150,0.014813497960533096
1438,323990,0.029108701568209185
1439,267790,0.017833628422098468
1440,046310,0.011143959836320575
1441,331520,0.018515447059424196
1442,438700,0.031860524081297116
1443,066410,0.0
1444,382900,0.017521701119608234
1445,206400,0.02294860754819364
1446,019010,0.013162044851702297
1447,177350,0.2053743377923322
1448,424760,0.019980036664265302
1449,225530,0.009883450233949962
1450,250000,0.016085520816412912
1451,310210,0.04029322869646017
1452,006910,0.020559583388393348
1453,226340,0.02864224718151637
1454,014470,0.03506395216117898
1455,008470,0.00825705102795308
1456,338220,0.04015049087258932
1457,100120,0.01271845492218053
1458,406820,0.01921394373523731
1459,337930,0.04682363544393358
1460,099390,0.016053848636626414
1461,064480,0.04241288181031058
1462,288330,0.0431014557412003
1463,365900,0.018681435133822265
1464,089970,0.023747850558715637
1465,251630,0.028612156222997117
1466,018290,0.04427943478938207
1467,439580,0.07550825002318468
1468,033560,0.010109648720681944
1469,369370,0.020171460786808783
1470,126340,0.027942026884832268
1471,121800,0.0
1472,082800,0.020094705576783972
1473,318410,0.019378599989799593
1474,419540,0.024236625084123057
1475,146320,0.030451027367631067
1476,200780,0.011040824466579908
1477,413640,0.07063038726456207
1478,141000,0.014172595037257528
1479,083650,0.02372466738269083
1480,445360,0.005472067208976234
1481,473370,
1482,065170,0.048418675823653376
1483,086670,0.012593469414499094
1484,335890,0.03227181507578057
1485,230980,0.08649776413930192
1486,138580,0.03770185956196272
1487,082920,0.01849012577935162
1488,054220,0.022228002236408997
1489,042370,0.024650492642226667
1490,050090,0.021030553282290008
1491,148780,0.062013495004868614
1492,307870,0.04688464062150861
1493,357880,0.02310044183770835
1494,032850,0.04814032537546626
1495,238200,0.015930654091706267
1496,093190,0.015694474767625085
1497,065450,0.04193209002508981
1498,210120,0.04101352886767452
1499,044480,0.020325230573539913
1500,069540,0.04561036495221661
1501,072950,0.051647370360293335
1502,451250,
1503,143240,0.013334900250910714
1504,452430,0.08445588517536912
1505,419120,0.0539668978210449
1506,122350,0.014181067227134202
1507,419050,0.026613329270770952
1508,014970,0.02007078954713483
1509,018310,0.013523698637489508
1510,053700,0.021420712314391365
1511,009620,0.04318554982554035
1512,023600,0.010065286310618841
1513,425290,0.01592593713497722
1514,439250,0.0023132891700773507
1515,448740,0.0017080914305681058
1516,468510,0.011492823510712338
1517,009300,0.012959483108506214
1518,361670,0.015047563424688746
1519,054540,0.013011926089266065
1520,065570,0.032728113863992124
1521,032280,0.015653350201240406
1522,002290,0.02473906882176502
1523,037460,0.015026297286301584
1524,032750,0.022229469640255878
1525,054090,0.025819873112676063
1526,000250,0.03254953439339885
1527,024950,0.016708680329416605
1528,038500,0.007374315830057811
1529,437730,
1530,017480,0.011261424758990196
1531,046390,0.018940580123351265
1532,027580,0.03408477580574011
1533,038540,0.017678185899844465
1534,415580,0.008499997475692835
1535,452670,0.0023231665706684207
1536,091580,0.018146891585430085
1537,263810,0.04118061715776232
1538,089980,0.02147039638428951
1539,042940,0.018908385731735564
1540,042600,0.03327527846859164
1541,107600,0.020785373354535754
1542,411080,0.049068540054135384
1543,252990,0.04024565273806704
1544,378800,0.02652784275427976
1545,294630,0.08777420900549558
1546,038070,0.023396371268770793
1547,006730,0.019286033679412992
1548,079650,0.010573453670720505
1549,100660,0.020071020066530557
1550,019770,0.019475781854104226
1551,043710,0.014102690071311666
1552,092190,0.016268742446567713
1553,046890,0.019135661499726283
1554,063170,0.03920247040202949
1555,027040,0.01779415217769816
1556,018680,0.013383473557313622
1557,093920,0.007459359845691595
1558,189860,0.01281004106075744
1559,178320,0.02517783989636284
1560,122690,0.021688588765186062
1561,140070,0.028865753406162042
1562,011370,0.009127492675377697
1563,065710,0.008683075444767437
1564,035890,0.010103242636066278
1565,357550,0.023081113715586198
1566,003100,0.022370903693751883
1567,067370,0.023727917699654884
1568,171090,0.03570732433679585
1569,086710,0.017984275210636596
1570,014620,0.015738436938412217
1571,037350,0.012557871283706327
1572,081580,0.013427630240236037
1573,045300,0.02065932036743066
1574,015750,0.0363849639064711
1575,365340,0.026787829741204052
1576,080470,0.012045767564270069
1577,043260,0.024442959795014096
1578,148150,0.034246056951368765
1579,188260,0.02456778208087676
1580,053060,0.015294463792065451
1581,340440,0.011245162005502442
1582,017510,0.008668184677187102
1583,011560,0.009794863925709964
1584,396300,0.012184502069432957
1585,100700,0.009976148917537052
1586,024830,0.01510129988768771
1587,258830,0.07320837919734596
1588,036630,0.06753396960326359
1589,039310,0.016407049013131676
1590,067770,0.023629918787944706
1591,053450,0.026059733364751928
1592,222810,0.03207717944288008
1593,252500,0.010319587483347816
1594,321370,0.04931306865692018
1595,347000,0.03180439410520351
1596,331920,0.027989221306532086
1597,049180,0.04048077883660092
1598,299660,0.031317786878220934
1599,268600,0.0
1600,108860,0.028631467854841424
1601,208370,0.019382927098307513
1602,318160,0.025379540748551935
1603,068760,0.0444515645490023
1604,068940,0.0
1605,060230,0.04876924981048822
1606,290690,1.3795475154033607
1607,950200,0.020787494527116403
1608,032680,0.03770724340518799
1609,032685,0.02393221880095418
1610,258790,0.02013221030160712
1611,066910,0.03613277057883109
1612,043100,0.05295700386814677
1613,035610,0.021178150340544235
1614,357780,0.02047518419286162
1615,036830,0.059367326826779636
1616,304100,0.03851702220177132
1617,328380,0.02721931089800067
1618,086980,0.026800989958895894
1619,050960,0.012336257342494184
1620,084180,0.0335429421644268
1621,253840,0.047886731518369766
1622,298830,0.03385654472523074
1623,236200,0.03035280266702828
1624,094840,0.0439557858899874
1625,192440,0.016896684711143254
1626,424960,0.0507266740853933
1627,136510,0.0
1628,099440,0.03828931580322235
1629,033790,0.025273580033383414
1630,276040,0.051763528528172925
1631,159910,0.123154792004807
1632,115570,0.01186455710114611
1633,330730,0.05630425346823595
1634,352090,0.02852482890234785
1635,253450,0.012882057356785217
1636,408900,0.03782715044834814
1637,204630,0.04157537397389785
1638,415380,0.043797419151436326
1639,013810,0.0409271291843046
1640,203690,0.04403261059007057
1641,049830,0.011383278320568882
1642,020710,0.01047149843948102
1643,033170,0.045109738473003806
1644,048870,0.03168532794434642
1645,025320,0.05457905078663506
1646,269620,0.0
1647,429270,0.031466330156541586
1648,418250,0.042171291539307085
1649,131090,0.004561253927015007
1650,232830,0.03049755057562474
1651,290520,0.030788897397637193
1652,001000,0.009535882251715302
1653,025870,0.015206016106616102
1654,215600,0.023983776470662837
1655,065350,0.09229912945758911
1656,416180,0.056375737754010405
1657,162300,0.04585161087570595
1658,290560,0.03901664998682432
1659,002800,0.02599456871467029
1660,472220,0.005253667304697388
1661,430220,0.006434030172433804
1662,445970,0.007103971279785244
1663,017000,0.02875277652040091
1664,012790,0.013289897061069847
1665,138070,0.012772840653060608
1666,226330,0.03242458256074983
1667,418210,0.010327710390290243
1668,452980,0.0028845006547428627
1669,474660,
1670,474930,
1671,056700,0.04105249589943213
1672,187270,0.021379372770348418
1673,243840,0.02042993940670173
1674,257720,0.04460970830126716
1675,222800,0.023531536974823995
1676,036710,0.029029038031615276
1677,160980,0.01766993406041672
1678,356890,0.015671820927385567
1679,217330,0.0458891179622735
1680,010280,0.014715280719374226
1681,208640,0.02428245514213336
1682,222420,0.015444288941327433
1683,037760,0.00943906676418176
1684,099320,0.02660006554643383
1685,049960,0.013228181382779194
1686,088280,0.028727671719282817
1687,050890,0.030062480907161623
1688,109670,0.047674587313032764
1689,066790,0.1251488099035777
1690,222080,0.01980243285127805
1691,352480,0.028473418568740503
1692,264660,0.006433182875642216
1693,352700,0.015592558964136074
1694,458870,
1695,297090,0.028992701306739484
1696,900120,0.03730073535867434
1697,359090,0.012178049531819998
1698,115530,0.024116805689267787
1699,115480,0.014271689022800373
1700,340810,0.028957888691267426
1701,376290,0.020539629362827685
1702,189330,0.03443616384004067
1703,096530,0.03980395553289227
1704,101240,0.018391292644835577
1705,060590,0.027521751414965767
1706,260930,0.021246511790465095
1707,052300,0.048924816309981134
1708,413630,0.0
1709,013990,0.048252581070482865
1710,123860,0.025587039689841225
1711,025980,0.0162867639931477
1712,125210,0.020580922073161926
1713,357580,0.01574328830028699
1714,052710,0.023229895036959398
1715,074430,0.036204415087336045
1716,092040,0.12242070577975044
1717,083930,0.017994865842607958
1718,149950,0.015509423407810391
1719,036010,0.021428128849533226
1720,050860,0.010150751955173615
1721,136410,0.025119549207163968
1722,246720,0.04273859222416151
1723,067390,0.048478746467289606
1724,159010,0.019490424936743182
1725,127710,0.01129721790865463
1726,154030,0.009340505798825447
1727,227610,0.023863990231923978
1728,143160,0.021864088439532484
1729,054800,0.010559232770296623
1730,332370,0.011230668038449508
1731,339950,0.04832217991402344
1732,099190,0.03925509185410008
1733,289010,0.025770469045366153
1734,214430,0.030095302026640344
1735,040910,0.021059216669755257
1736,368600,0.02101796867229815
1737,456010,
1738,052860,0.028886428811825408
1739,069920,0.037141673829830905
1740,038880,0.03412643906458631
1741,307180,0.01927089459601474
1742,101390,0.02898336362860988
1743,461030,
1744,451220,0.05474133540178854
1745,078860,0.12572248118996637
1746,090150,0.03972980696554769
1747,123010,0.019980967985039358
1748,031310,0.048712881447386336
1749,185490,0.049466104633948474
1750,059100,0.05472526291038762
1751,262840,0.017696893061733908
1752,175250,0.05058665075511976
1753,052460,0.02500593419208659
1754,119830,0.020240930653086832
1755,052770,0.050450747396057274
1756,124500,0.07439409702138584
1757,372800,0.026422851002770906
1758,084850,0.040390833137837624
1759,114840,0.13698497967419399
1760,027360,0.03190054949289599
1761,032080,0.007623792613726458
1762,013310,0.020416900254362123
1763,059120,0.030610567775441425
1764,158430,0.029391191024420015
1765,321820,0.10075629936125947
1766,001540,0.018377460267684817
1767,053800,0.016200827665312854
1768,065660,0.01985836341061579
1769,297570,0.01949294425685311
1770,260660,0.010338164440860081
1771,354320,0.03053420265529616
1772,361570,0.02646517397638993
1773,131370,0.042091259945915685
1774,140670,0.04217225845938389
1775,096610,0.034579311138333485
1776,061040,0.011096000610027003
1777,148250,0.018217119946335635
1778,347860,0.03250854866847951
1779,196170,0.05854078027495242
1780,123750,0.01514363530333746
1781,085810,0.017076323394013555
1782,117670,0.0
1783,314140,0.01799320334782099
1784,291650,0.04006015658281649
1785,293780,0.0471697230726577
1786,196300,0.021760608963070006
1787,310200,0.024753114727424422
1788,299910,0.07029822736827915
1789,179530,0.04418464327968115
1790,900100,0.02777428979573946
1791,205500,0.027085386452386877
1792,052790,0.03550274698654277
1793,290740,0.019714407670329122
1794,238090,0.03113267953554468
1795,092600,0.05296515877724483
1796,129890,0.04274684684979868
1797,174900,0.03722259169531879
1798,255440,0.035390033401481856
1799,030960,0.022713982744198027
1800,102120,0.07318899654542595
1801,263540,0.0
1802,238120,0.010151466853489255
1803,019990,0.021281495117229737
1804,270660,0.09391883658252495
1805,038680,0.024878666858134224
1806,217480,0.03913494318060838
1807,121890,0.033442852914282215
1808,304360,0.04057571615229528
1809,389500,0.023611893718236087
1810,042110,0.010883869633004854
1811,298060,0.058200643452075186
1812,065420,0.029258322686610647
1813,103230,0.023763779720382378
1814,260970,0.020306196682069504
1815,101490,0.03181366685787481
1816,095910,0.021062178122737103
1817,275630,0.017973066042255747
1818,031330,0.013392958198792427
1819,060540,0.04347627534838486
1820,351320,0.027384817138710306
1821,056190,0.013645907506391199
1822,080000,0.03691118985329076
1823,214310,0.0
1824,246250,0.027100873067246595
1825,041510,0.026218116593522307
1826,007820,0.013807077130945361
1827,464080,
1828,109610,0.027353567811377898
1829,365330,0.057582832153707214
1830,031860,0.08279075621400961
1831,306040,0.015547468037047154
1832,457940,0.0057088596645949565
1833,472230,
1834,473000,
1835,435870,0.0
1836,455910,0.008162791639092351
1837,096630,0.028110744792366464
1838,069510,0.019890838728437745
1839,234300,0.022281031888535818
1840,039440,0.043713109351237255
1841,098660,0.016406807905841786
1842,052020,0.04793107257155734
1843,237690,0.022832659321906354
1844,050760,0.014365050509412149
1845,288620,0.02080579231401828
1846,443670,0.1447113926144299
1847,317830,0.026739275188348947
1848,058610,0.02266952481408204
1849,043340,0.01050502206092923
1850,187660,0.0395696386032855
1851,054630,0.044978495654504666
1852,200710,0.036755083459788056
1853,096690,0.03464975238701419
1854,298380,0.027282503091514143
1855,203400,0.040035864322225244
1856,195990,0.02761657571088659
1857,003800,0.008456349484797693
1858,088800,0.06477111350809568
1859,241840,0.01719966330160503
1860,453860,0.04118034910018347
1861,312610,0.018299679486276883
1862,172670,0.03970190236167141
1863,445090,0.07421575749308192
1864,295310,
1865,072990,0.021955365027451424
1866,239610,0.016388448727753937
1867,462020,0.00433067892944523
1868,477340,
1869,148930,0.02235018701702518
1870,044780,0.009555838622953295
1871,357230,0.020612528309376665
1872,355690,0.059878560274078486
1873,071670,0.019937421614169233
1874,045660,0.03127895406716495
1875,224110,0.017335690481416272
1876,021080,0.042493477943847974
1877,089530,0.0
1878,200470,0.058601588159974655
1879,262260,0.017724421006221753
1880,397030,0.03768823754320534
1881,230240,0.024059319025946286
1882,230360,0.020085323334538916
1883,038870,0.04106518296675454
1884,097780,0.012629273392944259
1885,448280,0.05055632091444951
1886,101360,0.07553180653759832
1887,128540,0.018386427741091754
1888,086520,0.04153561711840802
1889,247540,0.044914634550012135
1890,383310,0.021325768663991496
1891,038110,0.03192401076469359
1892,073540,0.0213294577617277
1893,064850,0.012243840409466347
1894,036810,0.031209305849920512
1895,173940,0.012306732270904234
1896,083500,0.0267708703519655
1897,054940,0.00617035508325316
1898,950130,0.03517151597943395
1899,373110,
1900,205100,0.03397701406565266
1901,356680,0.05066380332913509
1902,070300,0.013275710994332337
1903,317770,0.06582225514679159
1904,373200,0.2823394098041701
1905,092870,0.05831663369650699
1906,317870,0.02249075528341195
1907,067570,0.016234969595033396
1908,236810,0.04257027432285714
1909,333620,0.014900063465208052
1910,101400,0.018278310669278666
1911,422040,0.005982161332542727
1912,437780,0.008260180958478061
1913,438580,0.0
1914,439410,0.0035643142165491743
1915,440820,0.00452411915305145
1916,451700,0.00320122987065098
1917,466910,0.034467542590303386
1918,265740,0.011084331360766265
1919,354200,0.017749628023995892
1920,455900,
1921,419080,0.035367419252952594
1922,208860,0.0
1923,183490,0.022226093882854944
1924,182400,0.16345989721394316
1925,348370,0.0763363100799198
1926,069410,0.042389313937701185
1927,227950,0.02887537822020222
1928,291230,0.05256378689078616
1929,198080,0.04747954078257459
1930,048830,0.010189828037789823
1931,096870,0.014020428154611547
1932,290650,0.023088181990658877
1933,156100,0.026949220787695165
1934,073110,0.05016725933596167
1935,083310,0.031023471869833855
1936,037950,0.023747912662666484
1937,170920,0.042429784262870335
1938,058630,0.01422100757375174
1939,058970,0.0358265950448589
1940,019590,0.032560767645917144
1941,169330,0.012111488699887485
1942,373170,0.027798986020435443
1943,179290,0.020823598821710365
1944,009780,0.010918089498770055
1945,123040,0.0156485314137081
1946,323230,0.11785100405989703
1947,032790,0.030427101835475867
1948,033160,0.026247307904791108
1949,347890,0.016434441561974537
1950,033310,0.01631637020260806
1951,259630,0.023519854149085955
1952,105550,0.04306006227200508
1953,060850,0.01925977185783376
1954,143540,0.021096831907863274
1955,036560,0.017059885112068185
1956,265560,0.010910646250640312
1957,036000,0.008363799187740214
1958,250930,0.016956551906776227
1959,053280,0.014895149316953826
1960,122640,0.03649634934422022
1961,900300,0.030060382507897224
1962,045060,0.013577858477597711
1963,080520,0.018104388117973345
1964,039830,0.012138389354981273
1965,322310,0.047077892839147414
1966,046120,0.01305941510488095
1967,014940,0.02091049352226825
1968,065500,0.02448282782348997
1969,010470,0.03182904595286879
1970,417860,0.035893023259392545
1971,352910,0.025861754474123845
1972,053980,0.014722323474597497
1973,036220,
1974,052420,0.017920781952604034
1975,039200,0.026697075920511425
1976,226400,0.029011801578971225
1977,031510,0.016146775157536698
1978,368970,0.033067906068643294
1979,138080,0.02465397934085688
1980,080580,0.07502209674078202
1981,067170,0.010879982123826758
1982,353590,0.04101663861437701
1983,173130,0.04421922443417913
1984,440320,0.05750683735357496
1985,049480,0.013942547500187185
1986,394280,0.052177405363397794
1987,309930,0.04811250941667835
1988,244460,0.03937661180406236
1989,226950,0.03504625931514052
1990,057540,0.00977661842830459
1991,131030,0.013206128567597258
1992,082210,0.03521470947380082
1993,109080,0.01612127573520656
1994,380540,0.03950049780194866
1995,153710,0.010446310160913904
1996,432430,0.048575213134240326
1997,338840,0.06279411700855987
1998,122990,0.02266543927717765
1999,232140,0.05146396159322568
2000,112290,0.04585190957131212
2001,065530,0.02292490626223856
2002,067900,0.014600418924575248
2003,007530,0.012426656431755915
2004,155650,0.013795698394910473
2005,273640,0.019301416186875316
2006,251370,0.028714112911394526
2007,066430,0.031977168334078945
2008,273060,0.05762223748821719
2009,019210,0.017499104674531994
2010,122870,0.036258966958581745
2011,332570,0.03600724379731759
2012,079000,0.01066756090946106
2013,403490,0.03250042643513657
2014,032820,0.00977573673144357
2015,041190,0.06872520730409305
2016,115440,0.015464594484320264
2017,046970,0.025542388744950906
2018,082850,0.040390365270822126
2019,215360,0.017910875370716832
2020,072470,0.037799158095965416
2021,073560,0.007395431225417411
2022,037400,0.020637476548902373
2023,153490,0.01990945606858204
2024,101170,0.030871217590897993
2025,066590,0.027441892911511268
2026,103840,0.030034325160626055
2027,046940,0.021516121891647158
2028,215380,0.02757796145354144
2029,065680,0.021342147822885803
2030,018620,0.01045984994733567
2031,457550,0.14874194390404583
2032,396470,0.05597996089743701
2033,307280,0.02053567987576946
2034,032940,0.02360630485714192
2035,240810,0.022108178888233212
2036,074600,0.023594352201018798
2037,104830,0.019955643381772217
2038,014190,0.059418646806071604
2039,217820,0.020745940598358107
2040,030530,0.03725591269143285
2041,012620,0.00592946250330966
2042,382840,0.02089537602129996
2043,336570,0.027748044076543438
2044,376980,0.027749287191975936
2045,008370,0.010773706055942
2046,008290,0.015950400686799114
2047,101160,0.01929153646827159
2048,064090,0.023941704028315948
2049,336060,0.017473083949176838
2050,095270,0.016061548564476443
2051,065950,0.023227538687342356
2052,076080,0.03033050512954778
2053,043590,0.05963839629881713
2054,196700,0.016522764183370925
2055,069080,0.0243927422973607
2056,053580,0.020420191528152533
2057,071460,0.03548948309960631
2058,377460,0.0
2059,044340,0.013905790067890451
2060,330350,0.026181790063948635
2061,348350,0.01092364064311826
2062,112040,0.04426169246149531
2063,101730,0.042905145933950214
2064,123420,0.04181113423262837
2065,065370,0.02820708843253013
2066,038620,0.00943334152667672
2067,299900,0.06445359603287432
2068,036090,0.05382322737205104
2069,136540,0.00983627936602188
2070,320000,0.02302854330365004
2071,097800,0.06298805698584059
2072,192390,0.016587460115141308
2073,335870,0.023354100638399267
2074,900340,0.018202029059540114
2075,036200,0.018690128218682177
2076,018000,0.03560185525960703
2077,203450,0.022801201551867087
2078,011320,0.011856555479643647
2079,086390,0.02055060491142366
2080,241690,0.03270507424118786
2081,142210,0.04162225442393215
2082,048430,0.01331260133719118
2083,206650,0.0317929000245423
2084,089850,0.01463570170288325
2085,084440,0.019027330289968444
2086,032620,0.043394012435033054
2087,264450,0.0169653158396404
2088,078070,0.007751169636340842
2089,024800,0.01567225480617379
2090,054930,0.019019353890668073
2091,069330,0.038267380655820166
2092,049520,0.02388102774234846
2093,435380,0.005825692698892806
2094,444920,0.0050054477696043955
2095,446150,0.005344029414168621
2096,449020,0.003960300351724394
2097,450940,0.003813022912362538
2098,473050,
2099,474490,
2100,430700,0.006915318690990687
2101,263770,0.009928987601315796
2102,388720,0.021770200317922008
2103,340930,0.02070948456025708
2104,023410,0.015497461153425809
2105,056080,0.018611494441462966
2106,468760,
2107,442130,0.00757107948571832
2108,084370,0.03841052269513443
2109,240600,0.04422181841059463
2110,221800,0.027595448218842095
2111,179900,0.03633767084218538
2112,263050,0.03601945837725427
2113,191410,0.02448655779067053
2114,372170,0.03618614544517195
2115,146060,0.026985509283184328
2116,072770,0.033196189398381835
2117,039020,0.011001562142029986
2118,067920,0.027047862660272714
2119,044960,0.02212412972170713
2120,303530,0.043713401505730005
2121,296640,0.03199572375212014
2122,302430,0.020255617955416215
2123,462350,
2124,274400,0.04011228136321858
2125,056090,0.0
2126,073490,0.026366981026392344
2127,215790,0.03054709482920891
2128,344860,0.02076035773917436
2129,088390,0.026667198699673628
2130,272290,0.023636029699426915
2131,053350,0.013530390496797376
2132,452400,0.053161918648174995
2133,264850,0.06884335846050926
2134,054210,0.019465906126305138
2135,009730,0.05749840908675522
2136,164060,0.023892538705117573
2137,065440,0.014949891933029468
2138,115610,0.06329819212349737
2139,478110,
2140,131400,0.0203529838146596
2141,351330,0.03564783057868755
2142,080010,0.009475092469396405
2143,086890,0.016652681842449276
2144,047560,0.08311041739311059
2145,900110,0.012245840981187375
2146,239340,0.0325171318952489
2147,067010,0.01809701573010338
2148,418620,0.07762046638331589
2149,102710,0.0264905285584036
2150,041520,0.0181786507536675
2151,063760,0.016670652189693706
2152,123570,0.04544133840253329
2153,083470,0.042250015828096725
2154,095190,0.017864678344155217
2155,091120,0.02971056410133112
2156,039030,0.037981630205925286
2157,294090,0.09213648418541351
2158,088290,0.04661664580849689
2159,353810,0.013301257126831976
2160,099750,0.022837101203125185
2161,377330,0.015472238960307909
2162,035810,0.011701858118394531
2163,160600,0.0
2164,092130,0.009668335145741775
2165,096040,0.0
2166,134060,0.01510146642094209
2167,001840,0.018972743074871637
2168,024810,0.0
2169,041830,0.021273883581240403
2170,352940,0.015436743363386877
2171,079950,0.04075810849843358
2172,389470,0.03967247883791372
2173,277410,0.015785104078949688
2174,060150,0.008693450321388295
2175,033230,0.06157372272339679
2176,450520,0.059921308187058514
2177,037330,0.03323846928196983
2178,100030,0.026376903074199144
2179,211050,0.027605818243414886
2180,083640,0.01671106098519289
2181,216050,0.019623893672763848
2182,049070,0.04193613257321397
2183,119610,0.022970858151591424
2184,017250,0.009621334780590273
2185,051370,0.05317099594491358
2186,064290,0.035009577607688136
2187,189300,0.029484536236918095
2188,150840,0.0
2189,048530,0.03231941485027693
2190,115310,0.011928608843479706
2191,039290,0.02263318597837622
2192,071200,0.018062193789798744
2193,101930,0.01355989145821167
2194,333430,0.025683984854373895
2195,068330,0.015965942632904465
2196,178780,0.0
2197,019540,0.02039615882171136
2198,094820,0.016668540004189176
2199,950140,0.0388026248227115
2200,049550,0.012282008567155785
2201,389020,0.05502868268644264
2202,254120,0.03272422164831471
2203,043910,0.007965201901974814
2204,234920,0.06030103848968301
2205,289220,0.05235638444151348
2206,174880,0.10415112878465912
2207,049630,0.016283706674005843
2208,417840,0.04143139280913946
2209,110020,0.04702225156660579
2210,208140,0.017737399879241812
2211,040420,0.006481502938696814
2212,045510,0.019067433310996428
2213,217190,0.039589243509930976
2214,095700,0.020159414954909326
2215,072520,0.06900190973548885
2216,122310,0.010161036080006224
2217,361390,0.0198947539186552
2218,187420,0.029831772807866225
2219,225220,0.020111315418636734
2220,123330,0.019486677847433184
2221,159580,0.03773895643847988
2222,147830,0.019615500352584817
2223,033100,0.03028614445041973
2224,079370,0.26161502629533595
2225,054950,0.025725799768316276
2226,023440,0.03670432919587737
2227,090470,0.03311372927593706
2228,287410,0.030926127946504747
2229,137950,0.02525063967396966
2230,033320,0.02274554339564167
2231,417500,0.04353633261696368
2232,204270,0.03171798133095497
2233,026040,0.012653030015456564
2234,452160,0.043794990468101445
2235,126880,0.010562710238171655
2236,322510,0.04216134204317547
2237,033050,0.014550486787400497
2238,094970,0.03537593842792
2239,418550,0.0376549694312485
2240,420570,
2241,089790,0.022997785981692206
2242,052670,0.0
2243,412540,
2244,199820,0.009464875236172702
2245,038010,0.017783453407650786
2246,276730,0.019395846738079446
2247,080220,0.07033090119617348
2248,216080,0.02173774697216196
2249,229000,0.03963985039608899
2250,082270,0.017020598541818685
2251,044060,0.0
2252,034940,0.01160853262390741
2253,067000,0.034705242620991464
2254,033340,0.0
2255,036930,0.03833138093466422
2256,072020,0.013464761127484143
2257,000440,0.0370804337854996
2258,051980,0.073538273241349
2259,228760,0.051716974233017396
2260,314130,0.035251731380188944
2261,389030,0.03313702860732471
2262,043610,0.019786166768487216
2263,263860,0.03253239026399553
2264,303030,0.04104353235093485
2265,036180,0.04082030382017406
2266,208350,0.01737842069804715
2267,144510,0.03104718495466075
2268,358570,0.14629063619089683
2269,382480,0.01652533931864764
2270,382800,0.027535460556971595
2271,051160,0.030927129813031307
2272,053050,0.04186906373120467
2273,119850,0.020788168948659796
2274,065060,0.02963586264098708
2275,204840,0.036103091019587585
2276,270520,0.05685279517559153
2277,311320,0.021906521547351582
2278,388050,0.021838900486157588
2279,018120,0.00582335217879148
2280,109820,0.04161689936534944
2281,086060,0.011323702471161117
2282,036890,0.020373233055005283
2283,363250,0.03701051944365651
2284,007370,0.011938235670803533
2285,285800,0.0319406596940141
2286,085660,0.022875114635513942
2287,261780,0.02089318806929833
2288,094850,0.018141394459919642
2289,004650,0.006705396665326087
2290,278280,0.03223919741543167
2291,362320,0.021734936664855483
2292,066360,0.021408984901815482
2293,047820,0.0
2294,094360,0.04134910521151627
2295,016920,0.007461656501305989
2296,284620,0.03939406612312796
2297,293490,0.020635841340339654
2298,140430,
2299,042000,0.06011427014354501
2300,313760,0.059340056686206746
2301,317530,0.026843818019164287
2302,071850,0.019858514546875653
2303,050110,0.016883341652601448
2304,452300,0.06819899913882141
2305,119860,0.04064380330442472
2306,451760,0.05562761792758126
2307,900310,0.010722432443903274
2308,078340,0.022756155574050172
2309,063080,0.05060284590237605
2310,307930,0.06852939231188732
2311,079190,0.019195835530352076
2312,263700,0.051890261709139025
2313,214370,0.029917520327644845
2314,221980,0.007050601283281776
2315,038530,0.024530741358130638
2316,424140,0.0037924247459526403
2317,192250,0.01702501547763293
2318,115500,0.02877932511169401
2319,089150,0.020200581240112363
2320,025880,0.010192045596828262
2321,093320,0.04055979590947202
2322,093640,0.012632754185319416
2323,073010,0.039928290577318656
2324,105330,0.019023645667200988
2325,053080,0.036540829241727885
2326,199430,
2327,432470,0.060680672238855086
2328,272110,0.027671856376086174
2329,039420,0.014967337553582967
2330,083550,0.012927757230706986
2331,032500,0.04683022358092162
2332,225430,0.017458976903487272
2333,102370,0.05204310827465679
2334,068100,0.18486940395791496
2335,036030,0.024960374586102455
2336,064820,0.018197556193908192
2337,256940,0.0413414980715949
2338,024880,0.010762249909494193
2339,042040,0.018130667600580023
2340,054410,0.007825385354513308
2341,258610,0.03879572081434881
2342,274090,0.027541478098262608
2343,089010,0.023172751010906385
2344,220260,0.04175657308700009
2345,052400,0.016264263702112015
2346,402030,0.0393719654890966
2347,391710,0.03082745649265887
2348,046070,0.06276954809076084
2349,047770,0.009530616997070427
2350,080530,0.055005051577901726
2351,104540,0.016172084868158312
2352,027050,0.015651802324724656
2353,190650,0.02221331662502697
2354,123410,0.03932767450154432
2355,036690,0.015446124650898679
2356,049430,0.011266990592833545
2357,183300,0.024598439868547883
2358,041960,0.017474063173707158
2359,089890,0.0600251901670706
2360,360350,0.24277769880732736
2361,082660,0.04319466923470002
2362,222040,0.02639337251357367
2363,241710,0.0328445005133944
2364,355150,0.10346663374336518
2365,166480,0.03129495470522638
2366,045970,0.03626345941734928
2367,196450,0.022620802201958612
2368,384470,0.05789122887303085
2369,029960,0.00717360798809339
2370,102940,0.04078781596782846
2371,950160,0.056667115198558916
2372,033290,0.07935870631797058
2373,056360,0.015164929235874272
2374,282880,0.01695121465597811
2375,121850,0.03743010033256584
2376,448710,0.03433652460065699
2377,126730,
2378,015710,0.01443448292984491
2379,052330,0.012160974259790493
2380,322780,0.014256287554244854
2381,200130,0.01662690676247403
2382,294570,0.02512822157981525
2383,317690,0.021396700693877984
2384,078940,0.020985928162995507
2385,227100,0.07651712766790279
2386,432720,0.06689936543432204
2387,365270,0.042040493419100336
2388,348080,0.026055225356357323
2389,060280,0.030368143239360188
2390,372320,0.04376311246555691
2391,051780,0.012135882083997369
2392,115180,0.07270725561866238
2393,445680,0.05383769673184533
2394,182360,0.03416580536083191
2395,405100,0.0686648409284579
2396,066310,0.019893584902277116
2397,016600,0.012678904642371725
2398,355390,0.06377953305639916
2399,096240,0.010635521614147245
2400,040350,0.016442155586309362
2401,110790,0.012234924727267641
2402,900250,0.026686602884974802
2403,045520,0.02055465333205024
2404,036170,0.01198321294903663
2405,214150,0.024976761841188775
2406,352770,0.03704337355336071
2407,237880,0.03070023975984044
2408,139670,0.061638643110940305
2409,413600,0.0062389671459419345
2410,433530,0.004919753735004408
2411,446840,0.0052907595012863075
2412,054780,0.018069332040476976
2413,219130,0.039245888515094515
2414,360070,0.041976122812361766
2415,065130,0.035246958187758116
2416,134580,0.030875412411816055
2417,023160,0.017488266241879297
2418,323280,0.056275717723272264
2419,053620,0.011007654110601674
2420,044490,0.031026237670799643
2421,124560,0.03703018814769484
2422,191420,0.03165687934978736
2423,073640,0.07672343311356883
2424,066700,0.014581518402752111
2425,095610,0.015834167651026753
2426,064520,0.022176459176633412
2427,089030,0.04603352942143651
2428,054450,0.03145464002569513
2429,200230,0.03168634671727803
2430,393210,0.024574507298775115
2431,215480,0.02366191527339075
2432,051360,0.02491889703582113
2433,045340,0.021313912666542922
2434,108230,0.020527013443871634
2435,079970,0.05886603634043942
2436,199800,0.04283251048620801
2437,417790,0.02343341083455388
2438,290090,0.014027271205776678
2439,026150,0.019696656879598363
2440,322180,0.035052425445242286
2441,117730,0.04313221742036414
2442,033830,0.011837981706516447
2443,057680,0.046181903190690994
2444,204610,0.018278118989069742
2445,064760,0.021037318831726177
2446,246710,0.035848510236163374
2447,340570,0.02980509392549841
2448,043220,0.03075010254444463
2449,277880,0.017900471943391845
2450,131290,0.03582370098962006
2451,425420,0.04288773703132956
2452,131100,0.040177421129422436
2453,356860,0.031154067309331495
2454,062860,0.0
2455,321550,0.026763506625680597
2456,425040,0.14188354356309968
2457,241790,0.014616197068732337
2458,104480,0.017555940939395675
2459,081150,0.011806829877112828
2460,130740,0.020281687075298673
2461,084730,0.02443505675805125
2462,440110,0.0377871506743864
2463,033540,0.10614375733192011
2464,388870,0.04385519950693213
2465,043200,0.012444323263329721
2466,214450,0.026027240741015218
2467,208340,0.08564979829365572
2468,177830,0.01131194105083014
2469,037070,0.011772144365840282
2470,150900,0.02907823136575284
2471,037030,0.014572326033594655
2472,047310,0.08609120060198396
2473,368770,0.016491046395029137
2474,170790,0.024154824587496748
2475,049120,0.024817941712742715
2476,038950,0.018672681403343504
2477,441270,0.03781645155445263
2478,106240,0.015146042605499958
2479,131760,0.011712672359886534
2480,065690,0.01849912402870765
2481,140860,0.025844800317098682
2482,091700,0.009095486078637539
2483,032800,0.04956840122106784
2484,318010,0.01044517174809161
2485,027710,0.012119331250305157
2486,225590,0.011336048693824374
2487,054300,0.01981592151558118
2488,068050,0.020066222385190385
2489,222110,0.018356052219625985
2490,271830,0.0416319813208167
2491,263750,0.021105247570245858
2492,251970,0.017320936585188847
2493,168360,0.15654667449195228
2494,087010,0.05593969381682412
2495,064800,0.05535681787650955
2496,119500,0.020854291212918954
2497,389140,0.08626326429947898
2498,105760,0.06512349010801428
2499,009520,0.038512176147866665
2500,189690,0.04325015607961211
2501,318020,0.0
2502,256630,0.01312485522966539
2503,331380,0.018107967490752063
2504,472850,0.04522083855764247
2505,039980,0.0723575603673958
2506,041910,0.020664835285626112
2507,234100,0.019055430015198688
2508,041020,0.06576227353930297
2509,114630,0.015043677594692204
2510,290720,0.011118463170474007
2511,005670,0.009835098297721695
2512,094940,0.01887630137624478
2513,057880,0.11729598524908605
2514,007330,0.050455162019975554
2515,093380,0.009400222520204872
2516,023900,0.018924168156087662
2517,371950,0.033203912471274584
2518,370090,0.02494143783449209
2519,445180,0.046525319399229687
2520,151910,0.06142959113113331
2521,220100,0.03431176710575165
2522,035200,0.01602807885503202
2523,334970,0.027027278740386372
2524,321260,0.03236217964678279
2525,053610,0.028125952908791014
2526,303360,0.020016846676142633
2527,377220,0.015895517633917066
2528,335810,0.032708137176257646
2529,053160,0.03699980085320598
2530,405000,0.043365289172787196
2531,041590,0.044981546706663024
2532,367000,0.020407060447532075
2533,075130,0.015198503532524534
2534,237820,0.06578007241439279
2535,023770,0.019535636834311143
2536,019570,0.039872156712496436
2537,300080,0.06959088345943366
2538,032580,0.042493534104054057
2539,051380,0.10903559591983614
2540,241820,0.06423683903774079
2541,237750,0.01287048912058739
2542,319660,0.020122567104468313
2543,031980,0.04722319183536785
2544,002230,0.014767929536389252
2545,043370,0.031609315715628236
2546,239890,0.02915580806010683
2547,347740,0.017379195338331488
2548,137400,0.022302255214284975
2549,257370,0.0
2550,147760,0.045654417481904075
2551,128660,0.009103911271943311
2552,006140,0.0241425669203373
2553,376180,0.03664194982602627
2554,304840,0.042656901394689535
2555,062970,0.0507445423293004
2556,087600,0.06112017557722412
2557,291810,0.021157095940278144
2558,378340,0.03705210268759964
2559,161580,0.04194613974362322
2560,347770,0.040683283291937496
2561,163730,0.03429149549752555
2562,417180,0.04073759069399127
2563,446750,0.005377105356901452
2564,448370,0.005906373572288795
2565,454750,0.00297991562901769
2566,454640,0.00628468140793197
2567,469880,0.008520033797255725
2568,469900,
2569,475240,
2570,475250,
2571,406760,0.0069828991280721005
2572,418170,0.005874613646698458
2573,430230,0.008775102682417314
2574,435620,0.009855544281019101
2575,299030,0.022194703235888444
2576,067310,0.0291643006819976
2577,166090,0.023539081015634594
2578,136480,0.05933074824009619
2579,003380,0.03263944911770675
2580,450330,
2581,101670,0.08283065575152146
2582,365590,0.031168022437926893
2583,149980,0.05293341880654976
2584,013030,0.016392697411961928
2585,126700,0.04459815871628088
2586,106080,0.03630242074125483
2587,400840,0.007860777574789755
2588,450050,0.004021314833423228
2589,160190,
2590,221840,0.014358371498207156
2591,106190,0.07894880986918586
2592,065650,0.043359795773506675
2593,066130,0.019404756072831222
2594,004590,0.00794598666224812
2595,039340,0.010638875037602342
2596,034950,0.004670105820988856
2597,222980,0.01614653588178038
2598,256840,0.03022108221819513
2599,219750,0.0
2600,025550,0.005724655796135433
2601,017890,0.015304374799026299
2602,080720,0.031876466358799704
2603,063570,0.0193357471820167
2604,041460,0.033580273104207296
2605,101680,0.04920098777177695
2606,039740,0.02971877699155585
2607,053300,0.02334894752671512
2608,025770,0.019608240741350626
2609,436610,0.006501796173033791
2610,458610,0.0062876842140132064
2611,464440,0.004959591327270556
2612,477530,
2613,479880,
2614,023760,0.022865241240194196
2615,054040,0.044348728641204864
2616,021650,0.009571838220543341
2617,053590,0.0
2618,032300,0.04242845488495683
2619,037230,0.015008336768913147
2620,030520,0.07204886291039676
2621,052600,0.026059785904076815
2622,256150,0.008303919260327683
2623,092460,0.017144070696179934
2624,452190,0.09814615073938576
2625,047080,0.0505565171224328
2626,452280,0.029134361915021164
2627,066980,0.05588004605744505
2628,114810,0.02563700268960011
2629,070590,0.03759803175468201
2630,226440,0.0
2631,042520,0.03297623672571984
2632,430690,0.029614939486029078
2633,078350,0.031470902359977924
2634,045100,0.017463398417490488
2635,091440,0.07607420868086072
2636,024740,0.019306413441238707
2637,005860,0.028657537047760775
2638,007770,0.010775151116483278
2639,198940,0.021388716867743508
2640,058450,0.12219380802876897
2641,107640,0.02106743799109019
2642,079170,0.00977772351171851
2643,054920,0.042858931934564116
2644,002680,0.014150428482724828
2645,430460,0.00549374883396775
2646,455310,0.003602421821562936
2647,034810,0.013850923748615499
2648,03481K,0.026014630671864176
2649,059270,0.07281064535716322
2650,076610,0.10683944952992817
2651,220180,0.03812715463300877
2652,900270,0.03314982956884371
2653,214180,0.013549873516125407
2654,234340,0.047782847479964786
2655,084990,0.08278864697944657
2656,170030,0.029138106386374468
2657,319400,0.019637284219743336
2658,048410,0.033881573577281034
2659,052260,0.010033824022817977
2660,016790,0.09572275451712327
2661,041440,0.015984617662029264
2662,039010,0.04662083453977654
2663,090850,0.012253364318826053
2664,460930,0.11214534182609995
2665,092300,0.019745025179715176
2666,138360,0.06171364434852171
2667,011080,0.013562647100799735
2668,060560,0.009166154891065861
2669,064240,0.030532482683150206
2670,039610,0.008039394153145751
2671,126640,0.010325221444650378
2672,127980,0.031093527749519446
2673,061250,0.025308436285119217
2674,097870,0.02199093443381837
2675,290270,0.01922274015213573
2676,353190,0.01645481466935456
2677,192410,0.10197652834910884
2678,090710,0.08746976955601231
2679,078590,0.10248532422324519
2680,205470,0.026725631949541983
2681,115160,0.014438585141273335
2682,028080,0.01786537242287693
2683,175140,0.0810670674393233
2684,200670,0.0183721281245579
2685,065510,0.031404177458122455
2686,215090,0.0
2687,263920,0.010210163836233353
2688,243070,0.020383026135684053
2689,084110,0.02300593654003045
2690,145020,0.024620342509540018
2691,024060,0.058063801232100844
2692,010240,0.009592658418244577
2693,189980,0.017679490506906332
2694,037440,0.016559929214389292
2695,238490,0.017794047859598247
